CX9EZAA30JSWZ01S8,Infiniti,Q60,1880715,2021,Задний,Автоматическая,5122862235029,
SGPNBH3Z5R9SVNHJ1,Nissan,GT-R,4998613,2008,Передний,Автоматическая,5171948384427,CX9EZAA30JSWZ01S8
2STAVUB7ZF9VJ54WA,Jaguar,X-TYPE,4045411,2001,Задний,Механическая,5034015672664,SGPNBH3Z5R9SVNHJ1
HRF8WJYY4EXK8WEPF,Mercedes-Benz,G-CLASS,7187926,1997,Передний,Автоматическая,5216276388367,CX9EZAA30JSWZ01S8
J97RTVUGTVP4U69TY,BMW,5 SERIES GT,6429246,2009,Передний,Автоматическая,5167007608037,2STAVUB7ZF9VJ54WA
70JBKXV09MJ3DKCG7,Lamborghini,URUS,7941189,2022,Задний,Механическая,1057165474387,CX9EZAA30JSWZ01S8
6C6F8S1N7K8LZ61NC,Jaguar,I-PACE,5645693,2017,Задний,Автоматическая,1224028330096,2STAVUB7ZF9VJ54WA
GE6HY4KCJBEGKFBG0,BMW,3 SERIES GT,8494321,2014,Полный,Автоматическая,5046233359321,6C6F8S1N7K8LZ61NC
PM8ACHCF7YNREGKUD,Infiniti,QX80,9357840,2018,Передний,Автоматическая,5106609079264,GE6HY4KCJBEGKFBG0
APWRK6NJHKL217H0U,LADA,4X4,5101086,2009,Передний,Автоматическая,1227968853991,2STAVUB7ZF9VJ54WA
SEUKSH29TP3W046E7,KIA,K900,9746011,2019,Передний,Автоматическая,5051461323216,HRF8WJYY4EXK8WEPF
MC7J2W44AXMC40MH0,Hyundai,SOLARIS,3225905,2019,Полный,Автоматическая,1057720616249,GE6HY4KCJBEGKFBG0
LXR6KG55S7H13KS61,LADA,SAMARA,6124322,2020,Полный,Автоматическая,1018751571695,HRF8WJYY4EXK8WEPF
88FKU6DEY54P1VWRC,Jaguar,XF,6577371,2007,Задний,Автоматическая,1018751571695,GE6HY4KCJBEGKFBG0
37NP1T8U5FNTADVR1,Honda,VEZEL,9740025,2021,Передний,Механическая,1097833517044,LXR6KG55S7H13KS61
7UNE591K4DSTDBDCW,Hyundai,IX55,6759848,2012,Передний,Автоматическая,5066359196382,37NP1T8U5FNTADVR1
R6V4FLB2VXR2LYHVC,Infiniti,QX70,7605149,2018,Передний,Механическая,1147922381881,LXR6KG55S7H13KS61
Y9PMPEDHVWACMS9HG,Mitsubishi,GALANT,1281403,2011,Полный,Механическая,1218596513112,70JBKXV09MJ3DKCG7
5A352VJZXFNJKS0GS,Hyundai,STAREX,1533957,2020,Передний,Автоматическая,5195524457508,R6V4FLB2VXR2LYHVC
12ED7HN8ZP949DK8C,BMW,Z4,8611338,2012,Задний,Автоматическая,1171180242584,70JBKXV09MJ3DKCG7
EH1M6SS4Y20TT6A6S,Lexus,UX,6485622,2020,Задний,Механическая,1170880178050,2STAVUB7ZF9VJ54WA
0RA116Z4UAPRCCEX2,Mitsubishi,ASX,9488702,2014,Полный,Автоматическая,1111103858744,2STAVUB7ZF9VJ54WA
RN0JBDZGGWPHP0D5Z,Mercedes-Benz,CL-CLASS AMG,6900057,2010,Передний,Механическая,5076130069142,37NP1T8U5FNTADVR1
2DRE8H5HA3607MBYT,Nissan,FUGA,5812557,2009,Задний,Механическая,5103925556752,6C6F8S1N7K8LZ61NC
B2XB16NMJ50WMUNH9,KIA,SPECTRA,4913910,2007,Задний,Механическая,1122193959282,Y9PMPEDHVWACMS9HG
YS50J43JLSXB10LTL,LADA,LARGUS CROSS,9694865,2014,Передний,Механическая,5191084997758,B2XB16NMJ50WMUNH9
7CCPZW1U88X8GBP2R,Toyota,ALPHARD,2806239,2018,Полный,Автоматическая,5209288266721,88FKU6DEY54P1VWRC
XV7MG4S8LN81GVG95,Lamborghini,AVENTADOR,9732025,2012,Задний,Механическая,5092863420843,7UNE591K4DSTDBDCW
WS2HLT2DALC5Y9RA7,Lamborghini,GALLARDO VALENTINO BALBONI,6990807,2019,Задний,Механическая,1214752071005,HRF8WJYY4EXK8WEPF
NUFKJBEL62UGJEVAH,Toyota,URBAN CRUISER,4079249,2006,Задний,Автоматическая,5213627110769,WS2HLT2DALC5Y9RA7
JKP6PBTKSYYHNNRYP,Infiniti,QX55,2997531,2022,Передний,Механическая,1156890917600,LXR6KG55S7H13KS61
LK9AY8U4XHN0PRP12,Jaguar,XFR-S,2132455,2015,Передний,Механическая,5169167484888,SGPNBH3Z5R9SVNHJ1
UVTESL82T4BKTRHA1,Mercedes-Benz,CL-CLASS,9095531,2000,Задний,Механическая,5142344623449,EH1M6SS4Y20TT6A6S
M5DHG7XFSA4PYA7CU,Nissan,JUKE NISMO RS,2875977,2021,Передний,Механическая,5080425856275,7UNE591K4DSTDBDCW
WKK9V0PGG3HL66H2T,LADA,GRANTA,7346571,2016,Задний,Автоматическая,5015181549730,SGPNBH3Z5R9SVNHJ1
XKG62KAV6B1X7L2X3,Hyundai,GENESIS COUPE,1391615,2022,Полный,Механическая,1110820492694,Y9PMPEDHVWACMS9HG
MXD0ZVMDG5DJ7HUUL,Lexus,RX,5264718,2004,Задний,Автоматическая,5138448690419,2DRE8H5HA3607MBYT
J0F1S92G9S0G3EYKF,LADA,KALINA SPORT,7544551,2018,Задний,Механическая,1068029315661,70JBKXV09MJ3DKCG7
0JAWLH5R3W9MEDYAU,Jaguar,XF,1189381,2013,Задний,Механическая,5104148266646,0RA116Z4UAPRCCEX2
Z8LXE6HUYF0V35JB4,KIA,SPECTRA,8318196,2009,Полный,Автоматическая,1010819905689,PM8ACHCF7YNREGKUD
GB9M37ZC6AVPS9J22,Mazda,CX-3,8087616,2021,Передний,Механическая,5010989698132,7UNE591K4DSTDBDCW
DC9K20PANKSPXRGZZ,LADA,GRANTA CROSS,9783164,2019,Передний,Автоматическая,5205857286300,RN0JBDZGGWPHP0D5Z
219ZNP2RWDF9WKB3K,BMW,X4 M,8977961,2019,Задний,Автоматическая,1011675850262,37NP1T8U5FNTADVR1
GDJ4XPEZDF9CG6762,Infiniti,JX,4045656,2014,Полный,Автоматическая,1171958271781,LXR6KG55S7H13KS61
TRB0RWN0SF161SX0C,BMW,I3,2471104,2017,Передний,Механическая,5013696289250,0JAWLH5R3W9MEDYAU
UFCC8P2HDKRJK0F83,Hyundai,TERRACAN,4743734,2014,Полный,Автоматическая,1111816533784,6C6F8S1N7K8LZ61NC
G3TVJ6LCXRJDDYFJC,Mazda,CX-3,7253222,2016,Передний,Автоматическая,5171895489794,37NP1T8U5FNTADVR1
AH5JMU0AAPUSAEUAS,KIA,K900,2138583,2022,Передний,Автоматическая,5062594232366,2STAVUB7ZF9VJ54WA
Y0F0XPRSVDZFWT07K,Mazda,MX-30,8165153,2022,Полный,Механическая,5037612811275,70JBKXV09MJ3DKCG7
4TPBF5T9LAEAW7306,Hyundai,MATRIX,9671052,2009,Передний,Механическая,5156861147702,APWRK6NJHKL217H0U
S8RX8U2GKJM97NM0B,Lamborghini,URUS,4286706,2012,Передний,Автоматическая,1054346365314,7CCPZW1U88X8GBP2R
L6EB43W1HK1S2Y766,Infiniti,QX50,9927656,2015,Задний,Механическая,1168407565875,EH1M6SS4Y20TT6A6S
M0HNRAWGU61N98M48,Subaru,STELLA,9963782,2017,Передний,Автоматическая,5052291646260,Y9PMPEDHVWACMS9HG
4953086LC3VN3WXWU,Hyundai,SONATA,1399408,2006,Задний,Механическая,1055934485991,7UNE591K4DSTDBDCW
TVG6KUC8D6X49X5YJ,Mercedes-Benz,R-CLASS,6751653,2014,Передний,Автоматическая,1163256763350,J97RTVUGTVP4U69TY
JTB055MKXC8KGV325,Mercedes-Benz,CLA,5234922,2016,Полный,Автоматическая,1112479567727,12ED7HN8ZP949DK8C
93ULDFTM73ZLLFTM1,Subaru,FORESTER,578058,2011,Задний,Механическая,5154183644379,GE6HY4KCJBEGKFBG0
UL5CS0VSLG8Z4KWEA,Mazda,2,1018809,2021,Полный,Автоматическая,1025770353465,B2XB16NMJ50WMUNH9
Z6ZK3FVA8ZDW25CRK,Subaru,IMPREZA,2403201,2021,Полный,Механическая,5172127598726,AH5JMU0AAPUSAEUAS
1DYANM63PHZVGXH6R,Lexus,RC,3121520,2017,Передний,Механическая,1054346365314,SEUKSH29TP3W046E7
ZKZAU6P511UZHZV1L,BMW,M3,8884916,2001,Передний,Механическая,1222180925768,L6EB43W1HK1S2Y766
UF1GAEG537A2N08RR,Lamborghini,GALLARDO LP 560-4 SPYDER,8154535,2014,Задний,Механическая,5186200846662,JTB055MKXC8KGV325
N65Y2TVZEDDETWEV6,Mitsubishi,ECLIPSE CROSS,1093703,2022,Задний,Механическая,5145023685990,GE6HY4KCJBEGKFBG0
ZJKYZS6Z89YBFL6VU,Nissan,LAFESTA,5438670,2021,Задний,Механическая,5051184893073,SEUKSH29TP3W046E7
NGSZVU8612FSB1817,Nissan,350Z,9888962,2009,Задний,Автоматическая,1224636616038,88FKU6DEY54P1VWRC
GTD1TB1M3U6ZSSZGF,Mazda,6,4930966,2021,Полный,Механическая,1097405943964,2DRE8H5HA3607MBYT
RBU6LBAD2E41LESGZ,Mitsubishi,ECLIPSE CROSS,2478765,2019,Полный,Механическая,5012525612776,SGPNBH3Z5R9SVNHJ1
SWXJ6VLKABRF62YZ3,Lamborghini,GALLARDO VALENTINO BALBONI,4430314,2010,Передний,Механическая,5187703926339,6C6F8S1N7K8LZ61NC
BTE4K0UMH1JTT6N0C,BMW,I8,7361610,2020,Полный,Механическая,5171660498906,S8RX8U2GKJM97NM0B
NXVHYYESP2TXG936E,Hyundai,GENESIS COUPE,2171888,2014,Передний,Механическая,1224325125530,JTB055MKXC8KGV325
WB73SGNHT9BXGGKK8,BMW,M1,3684315,2013,Задний,Автоматическая,1194186286304,EH1M6SS4Y20TT6A6S
07TJSUSU3ZANBKBR5,Hyundai,IX20,2123684,2020,Полный,Автоматическая,1062211579000,JTB055MKXC8KGV325
DNB5FK12FLCXYYGWH,KIA,K9,9618088,2018,Передний,Механическая,1145537626684,37NP1T8U5FNTADVR1
31WU36L43M5VSUPB7,Infiniti,Q70,943027,2022,Передний,Автоматическая,5060695578422,DNB5FK12FLCXYYGWH
XFKZ84VHE2HMEDV9M,Nissan,ALMERA,7430461,2019,Задний,Автоматическая,1207319655289,5A352VJZXFNJKS0GS
8L41W5WHU7CFSWH6P,LADA,2107,1265185,1992,Полный,Автоматическая,1065956806960,UF1GAEG537A2N08RR
RAE8HTH2RRFX5730U,Nissan,FUGA,9157257,2022,Задний,Автоматическая,1195254469618,70JBKXV09MJ3DKCG7
RN9FZY9GUNVJRLVLP,Honda,LEGEND,1126418,2007,Полный,Автоматическая,5166254904514,B2XB16NMJ50WMUNH9
RYZ04AZYJLN4HZA7H,Infiniti,QX80,4614087,2016,Задний,Механическая,1115223629916,AH5JMU0AAPUSAEUAS
L4X13ZYUWXF346CF0,KIA,CARENS,3038672,2005,Передний,Автоматическая,1113629637670,1DYANM63PHZVGXH6R
7CML038Y3WN3GEAK1,Nissan,PATHFINDER,2714819,2009,Передний,Механическая,1172896807104,7UNE591K4DSTDBDCW
YT9V4YDU38KNZH1G8,Lexus,RX F-SPORT,1868993,2016,Передний,Механическая,1173241436323,S8RX8U2GKJM97NM0B
0P0ZM6YFS9SEDEBNT,LADA,VESTA SPORT,909751,2022,Передний,Механическая,5108521250954,RN9FZY9GUNVJRLVLP
1K99VN5DPGKW1597J,Mitsubishi,I-MIEV,522403,2012,Полный,Автоматическая,1174329627086,UFCC8P2HDKRJK0F83
PU2NPLH4RRX9S6DXL,Toyota,COROLLA,8967573,2012,Задний,Механическая,1166523224780,MXD0ZVMDG5DJ7HUUL
Z0C3FFKTCMUCGG3NZ,Lexus,UX,3334100,2019,Полный,Автоматическая,1054346365314,J97RTVUGTVP4U69TY
R9U28PH052DRYPWCS,Toyota,FORTUNER,3223745,2017,Полный,Автоматическая,1117209628579,JKP6PBTKSYYHNNRYP
Z60CSK4NH3WA7JDAS,Honda,INSIGHT,2116716,2018,Полный,Механическая,1104077261650,7CML038Y3WN3GEAK1
GWV9G2V9227DBHLG3,LADA,2107,4649472,1999,Передний,Механическая,5024504983025,2DRE8H5HA3607MBYT
YUGYF4C3VDBPT8GP0,Honda,HR-V,9064039,2017,Передний,Автоматическая,5084580786703,L4X13ZYUWXF346CF0
EKY9C2W9P69XJ8GHE,KIA,TELLURIDE,5687128,2020,Передний,Механическая,5165162681514,J0F1S92G9S0G3EYKF
E2U586TR8NHTNJFFL,KIA,K9,4831367,2019,Передний,Автоматическая,5223199290441,PM8ACHCF7YNREGKUD
3RFC2SUWG3ECGFFHZ,Subaru,WRX,4032841,2017,Задний,Автоматическая,1056952141256,GDJ4XPEZDF9CG6762
ZHB6NAZRVN4V8XBTT,Toyota,VENZA,1440726,2019,Передний,Автоматическая,1202610272094,L4X13ZYUWXF346CF0
N4HCE2AJ4SH83GW4F,Mazda,RX-8,7957260,2010,Передний,Механическая,5021910806066,M5DHG7XFSA4PYA7CU
782CKU4AUB3W4DRD5,Jaguar,F-TYPE,1950640,2014,Передний,Автоматическая,1222180925768,SEUKSH29TP3W046E7
7KL30RZB5WPUTY76B,BMW,X5,7132460,2012,Задний,Механическая,5061580319169,ZKZAU6P511UZHZV1L
V9GDYUU7DYVC7YZGH,Honda,FR-V,8066278,2007,Задний,Механическая,1171958271781,HRF8WJYY4EXK8WEPF
DCFKYTEJAP85CUAPK,Honda,HR-V,7305293,2005,Передний,Автоматическая,1108959346572,0RA116Z4UAPRCCEX2
DPK3MPC07UE1BJG5Y,Infiniti,QX50,6505064,2020,Задний,Автоматическая,5190434672709,PM8ACHCF7YNREGKUD
NXXD194CS5WJEBP10,Subaru,ASCENT,3886026,2017,Задний,Механическая,5182141507708,Y9PMPEDHVWACMS9HG
PHJBBLYJDW5LDUAZF,Infiniti,JX,6781688,2012,Задний,Автоматическая,5062747230145,0JAWLH5R3W9MEDYAU
FHU7089AG8ZBS9R7J,Lexus,IS,5997106,1999,Задний,Механическая,1014520632268,JTB055MKXC8KGV325
SAVPNETA4LS4KC5AM,KIA,SELTOS,2263591,2021,Передний,Автоматическая,1082860898977,Z0C3FFKTCMUCGG3NZ
69Y5RG72BK357D3ME,Hyundai,I40,5495726,2016,Задний,Механическая,1117812931774,5A352VJZXFNJKS0GS
NB6KWCTUB2B9J35Y6,BMW,M6,8925915,2015,Полный,Автоматическая,5155110029730,G3TVJ6LCXRJDDYFJC
D5LR3Y8W689HZRCHA,Infiniti,QX55,5658122,2022,Передний,Механическая,1196290246900,1DYANM63PHZVGXH6R
CS2D8X0F4BY6S9YY5,LADA,LARGUS CROSS,9777970,2016,Передний,Механическая,5117784085117,JKP6PBTKSYYHNNRYP
5NF56L0JMFUL4GHFL,Mercedes-Benz,G-CLASS,7025737,2002,Полный,Автоматическая,5198228998952,FHU7089AG8ZBS9R7J
877WHNWGTE9SSZ519,Nissan,TIIDA,3348868,2022,Задний,Механическая,1085113674084,G3TVJ6LCXRJDDYFJC
1P4SDW4YAB57WXTHW,Subaru,IMPREZA WRX STI,3432354,2002,Задний,Механическая,5157860493984,DCFKYTEJAP85CUAPK
AB3BP64PXDTXR52ZC,Hyundai,H-1,5464818,2018,Полный,Автоматическая,5170736883774,S8RX8U2GKJM97NM0B
FN3PNANDUJF71ZNTY,Honda,CIVIC,6667848,2014,Передний,Автоматическая,1102215448488,8L41W5WHU7CFSWH6P
NB19X3FR6VVE6VHJN,LADA,GRANTA,3088720,2021,Передний,Автоматическая,5228352463114,MXD0ZVMDG5DJ7HUUL
8RD06NX1XCLELZ09M,Lexus,GS,6060439,2018,Передний,Механическая,5214407170313,MC7J2W44AXMC40MH0
WGS0VM2N0DP0KGN6C,Subaru,IMPREZA WRX STI,5655814,2006,Задний,Автоматическая,5140826979288,93ULDFTM73ZLLFTM1
2A59SD0UGZDP5VXZ4,Mazda,6,6603368,2019,Полный,Автоматическая,5200151454608,PM8ACHCF7YNREGKUD
0R1Z8ST33B62K4HBK,Toyota,VOXY,2777001,2021,Полный,Автоматическая,5135168434264,0JAWLH5R3W9MEDYAU
WU98XG76CVX0XXXY5,Hyundai,IX20,7643983,2019,Задний,Автоматическая,1106627397348,APWRK6NJHKL217H0U
K5FD4DNGA1P2FZ8KH,Subaru,BRZ,4711254,2015,Задний,Механическая,1107584283487,RN9FZY9GUNVJRLVLP
ED1ME2Z3FVX57SN1S,Mazda,CX-5,9775401,2018,Задний,Автоматическая,1160730942570,G3TVJ6LCXRJDDYFJC
E4T8LM1777F7FT0RJ,Mercedes-Benz,GLE AMG,5436693,2022,Полный,Механическая,5121864118525,FHU7089AG8ZBS9R7J
ZSCNAA4E0A9HSAJ16,Infiniti,FX,1565533,2006,Полный,Механическая,5136974888210,XV7MG4S8LN81GVG95
P6Y9WYA6TD7UYT8W3,Mercedes-Benz,GLE COUPE,9065014,2016,Полный,Автоматическая,5089201789727,3RFC2SUWG3ECGFFHZ
ULTRNF06LUH8H5E8S,Toyota,4RUNNER,8464925,2013,Передний,Механическая,1039279244784,NXVHYYESP2TXG936E
A19883TN2M6RYY50X,Jaguar,XFR,6116608,2009,Полный,Механическая,1132656220619,NXVHYYESP2TXG936E
20SSDN82263G4R1S1,Lexus,RC F,4322081,2018,Задний,Автоматическая,1094806540575,88FKU6DEY54P1VWRC
10L3DXJ8RLAXX2WXX,Hyundai,XCENT,3854447,2019,Полный,Автоматическая,1168407565875,20SSDN82263G4R1S1
8MNSHTGNCCD48J8HG,Hyundai,STAREX,1398735,2009,Задний,Автоматическая,5058639268155,NXVHYYESP2TXG936E
BUMKVGCTR6WGN1AAH,BMW,M6 GRAN COUPE,2131138,2017,Передний,Автоматическая,1202067988792,0JAWLH5R3W9MEDYAU
Y29VFMYTPZ542K4BG,BMW,I8,724796,2013,Полный,Автоматическая,1131663328136,DCFKYTEJAP85CUAPK
606ZDMWN6HPDRAK53,Mitsubishi,GALANT,7279822,2012,Передний,Механическая,5133475270803,J97RTVUGTVP4U69TY
7HT1P1WDWSW8E9BUY,Honda,JAZZ,4698922,2009,Задний,Автоматическая,1021570801119,NXVHYYESP2TXG936E
SVV51LLKGGGS47DW1,Jaguar,XFR,9511226,2022,Передний,Автоматическая,1133660953898,GWV9G2V9227DBHLG3
YME1SLGPMZ0G5VC9B,Lamborghini,VENENO ROADSTER,1103620,2014,Полный,Механическая,1014520632268,PHJBBLYJDW5LDUAZF
G545MYB6K2U9KSW5Y,Nissan,ARIYA,6664780,2021,Полный,Автоматическая,1133739800006,1K99VN5DPGKW1597J
4TKYHDLV47Y4EH0R2,KIA,PICANTO,5670006,2004,Передний,Механическая,5175335153659,GTD1TB1M3U6ZSSZGF
B9HFHMRHBX1X2097L,BMW,X6 M,9950673,2018,Передний,Автоматическая,1123570029054,GE6HY4KCJBEGKFBG0
BS1LNA0NY70PEK370,Mazda,CX-7,2631454,2007,Задний,Механическая,5141494708130,GDJ4XPEZDF9CG6762
6B01U8BTHMAVGSX3D,Infiniti,QX50,6167345,2016,Передний,Механическая,1225536778587,NUFKJBEL62UGJEVAH
Y09KJERBCVCKTSYJ5,Subaru,IMPREZA WRX,4175451,2009,Задний,Автоматическая,5183903997129,BTE4K0UMH1JTT6N0C
2Z2SRX4L7606WMTB5,BMW,3 SERIES,7843002,2012,Задний,Механическая,1044671797631,WS2HLT2DALC5Y9RA7
7C6BLL681Z30CP8DC,KIA,K9,7187552,2013,Задний,Механическая,5020220256216,ULTRNF06LUH8H5E8S
6ZL51P3F1Y11P9PJD,Jaguar,XKR,4362363,2011,Полный,Механическая,1133804075316,AH5JMU0AAPUSAEUAS
7559CULY42TRNJT72,Lexus,UX,4910506,2022,Передний,Автоматическая,5154192861037,5NF56L0JMFUL4GHFL
6X127PRWDT4FGTU8K,Honda,FIT,5367523,2018,Передний,Механическая,5044035701970,RAE8HTH2RRFX5730U
UVLNM0E7UCDNWLYKE,Lamborghini,HURACAN PERFORMANTE SPYDER,7204614,2020,Передний,Автоматическая,5112886770937,DC9K20PANKSPXRGZZ
PGF72L4VDYE1PHWSC,Infiniti,QX60,2119770,2018,Передний,Механическая,1166523224780,EKY9C2W9P69XJ8GHE
J44MDJ06KZGNKLEZJ,Honda,HR-V,8722981,2008,Задний,Автоматическая,5040918583349,0RA116Z4UAPRCCEX2
H23VBMY241NEJ2E9R,Jaguar,F-TYPE,6250393,2013,Передний,Механическая,1150988779875,EKY9C2W9P69XJ8GHE
H9Y023UJ2ZU0Z76T8,BMW,M4,8194732,2022,Задний,Механическая,1195564372827,70JBKXV09MJ3DKCG7
8US1TPWFYSZHU2SUG,Mitsubishi,ASX,9063702,2021,Передний,Автоматическая,1127331470804,3RFC2SUWG3ECGFFHZ
HMKNF5PBFKL93XDXA,Toyota,IQ,2203592,2021,Полный,Механическая,5148407636636,10L3DXJ8RLAXX2WXX
M6GDVBB82E3J7ADX7,Lamborghini,AVENTADOR,6592266,2012,Передний,Автоматическая,1153244368200,TRB0RWN0SF161SX0C
22A7A24THK3PR2CMV,Infiniti,QX70,5614553,2022,Полный,Механическая,1031672050013,7UNE591K4DSTDBDCW
YC2MV872C3JMCB0SB,Mitsubishi,ASX,6678444,2014,Передний,Механическая,5137651534818,EH1M6SS4Y20TT6A6S
UDAB9ZNFCRYS42XFP,Mazda,MX-5,3770149,2018,Полный,Автоматическая,5183903997129,BS1LNA0NY70PEK370
CBHK21WCYNFZHEV2N,Mazda,3,4905192,2017,Задний,Автоматическая,1190375376290,PHJBBLYJDW5LDUAZF
2DRKA3C2437CLB2HL,Subaru,STELLA,4249970,2018,Задний,Механическая,5182615884171,DNB5FK12FLCXYYGWH
CJVZLG1XAU23RYHEF,BMW,X2,787218,2020,Полный,Автоматическая,1062649269693,Y29VFMYTPZ542K4BG
5VTL509PXFC9L2L92,Subaru,LEGACY,4420364,2022,Передний,Механическая,5131872141715,7559CULY42TRNJT72
JXHXLDBKLHPRRTXK2,Mitsubishi,GRANDIS,9395517,2006,Полный,Механическая,5078621027172,BTE4K0UMH1JTT6N0C
LKW89TMWB0A8C708Y,Mercedes-Benz,SLR MCLAREN,9082825,2009,Задний,Механическая,1212150663350,LXR6KG55S7H13KS61
GTY7841WD2P92DCN3,Nissan,ARIYA,6156055,2021,Полный,Автоматическая,1218894782039,N65Y2TVZEDDETWEV6
VFP8BZUVALDPZPAC1,Mazda,6,6840489,2021,Задний,Автоматическая,5020747524595,N4HCE2AJ4SH83GW4F
V5XLG36R1XL6VPAFM,KIA,CARENS,5270816,2015,Полный,Автоматическая,5176515550756,877WHNWGTE9SSZ519
87A35DULHRVEAW7LH,Jaguar,XK,4456067,2008,Передний,Автоматическая,5077275682226,93ULDFTM73ZLLFTM1
XYVMXHXRYZNCJXZXD,Mitsubishi,L200,3082818,2017,Полный,Автоматическая,5049297912362,YUGYF4C3VDBPT8GP0
73TFWZZPRJM7ZBX4B,Mercedes-Benz,AMG GT,3602892,2019,Полный,Автоматическая,1134343598421,Z60CSK4NH3WA7JDAS
GWXERJTUA0TKAPBXT,Toyota,COROLLA CROSS,4928173,2022,Задний,Механическая,1158741974940,88FKU6DEY54P1VWRC
GTBR77Z4Y4XKNYPBG,Mercedes-Benz,M-CLASS,8742007,2001,Полный,Автоматическая,5081371927863,CS2D8X0F4BY6S9YY5
J6RMFUUA8N8KEV90Z,Honda,JAZZ,3208101,2022,Передний,Механическая,1012457655407,CX9EZAA30JSWZ01S8
VHNSY0JDUMR63XJJA,Subaru,IMPREZA XV,7526527,2010,Передний,Механическая,1056868730258,UDAB9ZNFCRYS42XFP
7SPVAFRYXV995PJ5L,Subaru,TREZIA,4054831,2017,Передний,Автоматическая,5072637428860,6B01U8BTHMAVGSX3D
7UAX4MS17PJRNY40M,Lamborghini,URUS,7318604,2016,Полный,Механическая,5077973937840,H23VBMY241NEJ2E9R
S4MA2KS8FACJ5VC7Y,Infiniti,QX56,5790744,2009,Полный,Автоматическая,5145709660685,Z60CSK4NH3WA7JDAS
BZSCKMHSR55L528SJ,Jaguar,F-PACE,7155653,2017,Передний,Автоматическая,1160412200233,NUFKJBEL62UGJEVAH
4YSSXU20WVLN9RDFE,Infiniti,QX30,9034029,2021,Задний,Механическая,5089185613578,J6RMFUUA8N8KEV90Z
FAETY8B4DAN3D830A,Nissan,TEANA,4238643,2014,Передний,Автоматическая,5192971312364,L6EB43W1HK1S2Y766
PPTJK6JF3S9E5B7X7,Lamborghini,URUS,1946701,2021,Задний,Механическая,5062747230145,DNB5FK12FLCXYYGWH
E1G1VU18JSTJFE090,Honda,FR-V,9793019,2004,Передний,Автоматическая,1145255362570,R6V4FLB2VXR2LYHVC
3LM4P3G2TSAT2V7LG,KIA,SORENTO,8679763,2008,Передний,Механическая,5154729092580,YME1SLGPMZ0G5VC9B
K49NVJNN6D1XZ91XS,Mazda,AXELA,1061086,2014,Задний,Механическая,1120945853544,SGPNBH3Z5R9SVNHJ1
0VKZ13HPU2W8FLBDD,Subaru,IMPREZA WRX,3254130,2010,Задний,Механическая,5023590463530,606ZDMWN6HPDRAK53
JYS9HM3C6YDVENVU6,Mercedes-Benz,SLR MCLAREN,4204757,2007,Задний,Механическая,1163256763350,GWV9G2V9227DBHLG3
T8ZH4JBV42GBPP44A,Subaru,TRIBECA,3548185,2008,Передний,Автоматическая,1110820492694,E1G1VU18JSTJFE090
PX3BLCBFTJF9GL275,Hyundai,CRETA,8989725,2020,Задний,Автоматическая,1195044514752,Y0F0XPRSVDZFWT07K
FHZUEUCPEYVYV3UBB,Mitsubishi,SPACE STAR,4206148,2005,Задний,Механическая,1143515325580,R9U28PH052DRYPWCS
6F4R80NXMAJXVRJB2,Mercedes-Benz,E-CLASS ALL-TERRAIN,7907977,2022,Передний,Автоматическая,1020912520342,DCFKYTEJAP85CUAPK
3EUS2NS92BCU8G8ZV,Jaguar,XF,8780550,2015,Полный,Механическая,1056952141256,7SPVAFRYXV995PJ5L
6B7PYS3G7C8U368A0,Lamborghini,SIAN,5972542,2020,Передний,Механическая,5130679134394,JTB055MKXC8KGV325
D15MEW3RJJ3H9XNBL,Infiniti,QX55,7552489,2022,Передний,Механическая,1224636616038,ZSCNAA4E0A9HSAJ16
HJBXZPRRUUA0TLPMM,Mercedes-Benz,CLC-CLASS,896653,2010,Задний,Механическая,5186200846662,37NP1T8U5FNTADVR1
WXX4UY4FVUYH3RYTH,Hyundai,SONATA,6490795,1998,Передний,Механическая,5117784085117,PPTJK6JF3S9E5B7X7
2V5HGE12SXWKWE0LB,Mercedes-Benz,AMG GT,7116873,2020,Передний,Механическая,5031325719904,VHNSY0JDUMR63XJJA
KYDSM0EXUATZ7Y1H4,LADA,LARGUS,8261150,2017,Задний,Механическая,1117249063865,ULTRNF06LUH8H5E8S
R9GT4TUEXJXPB3MT5,Lamborghini,AVENTADOR,8395073,2014,Передний,Механическая,1078784203728,RN9FZY9GUNVJRLVLP
50XBGFBAE6P3LWM2M,Infiniti,EX,4871809,2010,Задний,Механическая,5067448702041,GTBR77Z4Y4XKNYPBG
LG01KP7AXR568MZFF,Nissan,370Z,6728163,2016,Передний,Механическая,1143515325580,SWXJ6VLKABRF62YZ3
0P2KHKN84A52J0YTF,Lexus,NX,5523637,2022,Передний,Автоматическая,1090456480641,YS50J43JLSXB10LTL
FS0RUTLMFLW08D8FD,Hyundai,GRANDEUR,622012,2014,Задний,Механическая,5137651534818,Z6ZK3FVA8ZDW25CRK
63TEBA62B2P1C6LFG,Toyota,LAND CRUISER PRADO,766893,2004,Полный,Автоматическая,1221470425131,BZSCKMHSR55L528SJ
B4LPST8T5VLVR53DL,BMW,I8,7616240,2013,Полный,Автоматическая,1131152141450,8US1TPWFYSZHU2SUG
56TNCYEKDDEWFCW05,Jaguar,XKR-S,4218625,2019,Полный,Механическая,1096160625351,GE6HY4KCJBEGKFBG0
ZWUSUR4W6W4TYBS9U,Subaru,TREZIA,1056584,2021,Задний,Автоматическая,1224028330096,NGSZVU8612FSB1817
F6CG8L1RUZ105ZZFG,Infiniti,JX,6621039,2012,Полный,Автоматическая,1047397348250,7UAX4MS17PJRNY40M
11VUX1JCC5EXME0K3,Lamborghini,GALLARDO,5333267,2008,Полный,Механическая,1176973877266,UVLNM0E7UCDNWLYKE
GR30L7ZW6F3SPSETL,Mitsubishi,ECLIPSE,9152168,2001,Задний,Механическая,5197226968329,M5DHG7XFSA4PYA7CU
TNYTZFJ292YF06N2Z,Lamborghini,SIAN,9044911,2021,Задний,Механическая,1135138579322,69Y5RG72BK357D3ME
2KMJ8GRNJYE7EH2VU,Honda,STREAM,5773485,2011,Задний,Механическая,5132825881975,782CKU4AUB3W4DRD5
XZYNZJ9WP6AAKSXGG,Lamborghini,HURACAN LP 610-4,6608372,2017,Задний,Автоматическая,1147609039423,PGF72L4VDYE1PHWSC
WYK502XTL2H8V4RYY,Infiniti,FX,1919250,2013,Полный,Механическая,5167831293053,NB19X3FR6VVE6VHJN
9A4X5U010DR6J9216,Lexus,RX,4532996,2009,Задний,Автоматическая,5078068070614,E1G1VU18JSTJFE090
HCWR2W8FXGFC17ZRE,Hyundai,PALISADE,3604033,2020,Полный,Автоматическая,5193120671244,877WHNWGTE9SSZ519
P0VBSESZBXAYWM5Z5,Toyota,ALPHARD,1459735,2013,Задний,Автоматическая,5113909675600,7HT1P1WDWSW8E9BUY
0ATU2XACK2N8ZWU9Y,LADA,XRAY CROSS,5635101,2022,Полный,Механическая,5167110241293,T8ZH4JBV42GBPP44A
3TSNTWXNP7E0G0L9E,Honda,LEGEND,2001092,2006,Задний,Автоматическая,1137448704799,Y09KJERBCVCKTSYJ5
B61FAZJZF8HHD1B9D,Subaru,IMPREZA XV,7488963,2010,Полный,Механическая,1054346365314,XZYNZJ9WP6AAKSXGG
M3NUYYSFXNHZLPGR1,Subaru,STELLA,2850398,2017,Полный,Автоматическая,5058639268155,4YSSXU20WVLN9RDFE
6UJSA10G46MHCV63U,Honda,PASSPORT,590963,2022,Задний,Механическая,1071125797093,4953086LC3VN3WXWU
M3A60AFSUJ8E7X0KH,Mitsubishi,ATTRAGE,4896470,2014,Передний,Автоматическая,5213627110769,8L41W5WHU7CFSWH6P
33K1NGYGLGXGRYCLE,Jaguar,XK,4311977,2012,Передний,Механическая,5133108849715,LG01KP7AXR568MZFF
2KWE54CC5DY9GG556,Mercedes-Benz,B-CLASS,2394997,2013,Передний,Автоматическая,5078861303384,7UNE591K4DSTDBDCW
K8KMMJS3GT3P51Z6E,KIA,SORENTO,1677497,2015,Задний,Автоматическая,5198464839095,ED1ME2Z3FVX57SN1S
PJZE3ZJXE81W0YCMX,Infiniti,Q50,1692378,2022,Передний,Автоматическая,1031672050013,782CKU4AUB3W4DRD5
CCA8C12MHGDZFYTKA,Mitsubishi,SPACE STAR,9790503,2004,Полный,Автоматическая,1217727524992,UVLNM0E7UCDNWLYKE
HDDR0DDYXUG5M4K2A,BMW,3 SERIES,3950021,2022,Полный,Автоматическая,5155110029730,PX3BLCBFTJF9GL275
5H8J7FHH8FKDYBDY8,Lexus,GS,3524203,2013,Полный,Автоматическая,1194356683861,M0HNRAWGU61N98M48
X21UPX1F9YCKNVSXW,Jaguar,XE,4521131,2015,Полный,Механическая,1146854167712,BUMKVGCTR6WGN1AAH
TU3MGPEC3C0KF8Z7G,LADA,LARGUS CROSS,2258175,2017,Полный,Механическая,1217727524992,S4MA2KS8FACJ5VC7Y
K7M3DYU0KYRVEG6DJ,Lamborghini,HURACAN EVO,8229984,2022,Полный,Автоматическая,1188920808845,RBU6LBAD2E41LESGZ
B9SEM03SU98XF54XT,Toyota,CROWN,5355345,2022,Задний,Автоматическая,5111028414624,X21UPX1F9YCKNVSXW
H7V8PMWFUR4X4P5XT,Mercedes-Benz,VITO,5681277,2019,Передний,Механическая,5221413601558,31WU36L43M5VSUPB7
NJBE652L2LZUZX4RD,Mitsubishi,PAJERO,6300761,2001,Передний,Механическая,1044671797631,DPK3MPC07UE1BJG5Y
GK41L6DNB3L235FG4,Mercedes-Benz,SLC,5732600,2017,Задний,Автоматическая,5046845684056,Z8LXE6HUYF0V35JB4
0U5PS0DGWK1RTHC52,Mitsubishi,ATTRAGE,579825,2022,Задний,Автоматическая,1128092419070,07TJSUSU3ZANBKBR5
TRHMH2T0RHLCWVVE1,Infiniti,QX30,3154491,2017,Полный,Механическая,1121386858383,CX9EZAA30JSWZ01S8
57CGJE3RVCC17518G,Infiniti,Q70,4804437,2019,Задний,Механическая,1088328958310,P0VBSESZBXAYWM5Z5
F6C7THKT7S7S0VVKV,Mazda,MPV,4032308,2010,Полный,Автоматическая,1152380876020,E1G1VU18JSTJFE090
NL7V6N0Z15Y201E4S,BMW,I3,7455634,2013,Задний,Механическая,1225536778587,1P4SDW4YAB57WXTHW
8H7A9M0XHPG0RTY3U,Infiniti,JX,8962563,2019,Полный,Механическая,5094474236302,1K99VN5DPGKW1597J
XHWH437DBAN18TSC4,Infiniti,Q30,6630903,2016,Полный,Механическая,5108521250954,12ED7HN8ZP949DK8C
A390A54DPWT93E60V,Mercedes-Benz,CLA SHOOTING BRAKE,8264370,2020,Полный,Автоматическая,5161557576934,5VTL509PXFC9L2L92
BRG0MZN58CA4S9GTR,LADA,"2110 (2111,21112)",6282554,2001,Передний,Автоматическая,5098705742922,GK41L6DNB3L235FG4
WGBWX9G139JVNL35Z,Jaguar,XKR,5813608,2012,Полный,Автоматическая,5089201789727,B4LPST8T5VLVR53DL
MVYLTJSFMXAYBNVHM,Lexus,LS,9002925,2004,Задний,Механическая,5128663001440,PX3BLCBFTJF9GL275
B3PGHFFK2B3EX4PEC,Subaru,FORESTER,3335876,2010,Передний,Механическая,1082928409244,TRHMH2T0RHLCWVVE1
RTHB00LLC2EXG01BE,Nissan,370Z,5772433,2017,Задний,Автоматическая,5140887809024,Y9PMPEDHVWACMS9HG
3SMTDE5AWJTPM3951,Jaguar,XF,3061538,2013,Задний,Механическая,5174457956680,F6C7THKT7S7S0VVKV
LR2ZAL5E02PY79CBX,Mitsubishi,LANCER EVOLUTION X RALLIART,9301284,2019,Передний,Механическая,5226940054974,J97RTVUGTVP4U69TY
FK816ESCTWV6S2K84,Mitsubishi,ECLIPSE CROSS,2946730,2018,Полный,Механическая,5063150553626,YUGYF4C3VDBPT8GP0
CYRGHMTV6EU6GC9B3,Hyundai,SOLARIS,7301025,2022,Задний,Механическая,1061011926095,TRHMH2T0RHLCWVVE1
Y5C4UXRK6Z1GZ4R07,Jaguar,I-PACE,6912771,2017,Передний,Автоматическая,1085873774865,07TJSUSU3ZANBKBR5
6EJ2VPZC1GW3GDWX1,Nissan,LAFESTA,9827273,2022,Полный,Автоматическая,1145131201962,B9SEM03SU98XF54XT
ENJMG3233WEYCZWZM,Nissan,370Z,8181454,2022,Полный,Автоматическая,5040918583349,20SSDN82263G4R1S1
NKB8R8T1YW8R2ZYAX,Mitsubishi,OUTLANDER XL,1664886,2010,Задний,Автоматическая,5075466431410,V5XLG36R1XL6VPAFM
NASM00AHXTCMLXUW9,Toyota,SIENTA,9778227,2021,Полный,Механическая,5178721345171,5VTL509PXFC9L2L92
UNWZYZRHGY6175B83,Mitsubishi,OUTLANDER PHEV,741818,2015,Передний,Механическая,1034819128739,7UNE591K4DSTDBDCW
Y85HFTT0657M8SKRE,Infiniti,EX,4100712,2010,Задний,Механическая,1132500825742,3EUS2NS92BCU8G8ZV
DHKXN87X8YC9XHLP4,Infiniti,FX,8726946,2015,Задний,Автоматическая,1057165474387,YUGYF4C3VDBPT8GP0
4ADF2C5H33LRW4LC3,Jaguar,XF,1598373,2014,Полный,Механическая,1034819128739,BRG0MZN58CA4S9GTR
LDHBYX8NV74G83XTY,Honda,CR-V,1272773,2004,Передний,Автоматическая,1198664831848,CS2D8X0F4BY6S9YY5
3CG4PRXMK99X3B2JM,Subaru,JUSTY,7250043,2008,Передний,Автоматическая,5192951958910,4ADF2C5H33LRW4LC3
N2RCFVHAJ1X3U95AF,Mazda,CX-4,7322540,2021,Передний,Автоматическая,1044641513322,50XBGFBAE6P3LWM2M
ZHP7S2TAF4TPDSXNE,Lamborghini,HURACAN PERFORMANTE SPYDER,9348590,2022,Задний,Автоматическая,5213892996532,NASM00AHXTCMLXUW9
F9YWXLJW2N3GYY84Z,Mercedes-Benz,CLA SHOOTING BRAKE,2283769,2021,Передний,Механическая,5195524457508,3LM4P3G2TSAT2V7LG
X31W6RE6DP7C24AUK,Subaru,TRIBECA,5612362,2014,Полный,Автоматическая,5217303953565,ZWUSUR4W6W4TYBS9U
4GEB2HRSWR6LEX6RL,KIA,K900,4411331,2020,Задний,Механическая,5086698253340,S4MA2KS8FACJ5VC7Y
Y7A8637LXU6LV448A,Infiniti,QX56,1279728,2018,Полный,Механическая,5077028655743,NJBE652L2LZUZX4RD
RK2J8DC432UEEKNFJ,LADA,KALINA SPORT,5088798,2020,Полный,Автоматическая,5193120671244,2V5HGE12SXWKWE0LB
5E0BV8N9RCFT3NN9T,Subaru,IMPREZA,2948990,2018,Передний,Автоматическая,1085275728780,HMKNF5PBFKL93XDXA
06PYFYA9YF9SL0MEG,Mitsubishi,L200,2025123,2011,Полный,Автоматическая,1160694190546,LK9AY8U4XHN0PRP12
7E7HUWZTGP5F3ETKT,Jaguar,XF,2999754,2009,Передний,Механическая,1041423908448,SAVPNETA4LS4KC5AM
895GU1RDFUYLXYA15,Hyundai,EQUUS,6748872,2021,Передний,Автоматическая,5224487376438,CCA8C12MHGDZFYTKA
M1AJESV9LXE3P15BP,Mercedes-Benz,GLS MAYBACH,1590680,2021,Полный,Механическая,1086334409985,YME1SLGPMZ0G5VC9B
LDAK0PXTWNYUV5Z77,Mazda,CX-4,6726950,2019,Передний,Механическая,5026146742045,SVV51LLKGGGS47DW1
ATKN8AMV21GZ6PPHH,Subaru,IMPREZA,7093002,2013,Полный,Автоматическая,5121629939789,DC9K20PANKSPXRGZZ
LLYY3GDB6BJ8L39AN,Lamborghini,AVENTADOR,2529079,2014,Полный,Автоматическая,5178449762926,UDAB9ZNFCRYS42XFP
6S8Y6CFA857T4R87E,Mazda,6,9345184,2014,Передний,Механическая,5197226968329,L4X13ZYUWXF346CF0
VP9ADZZCSVDETE4F7,Lamborghini,GALLARDO LP 570-4 SUPERLEGGERA,8437256,2021,Полный,Механическая,1173241436323,CYRGHMTV6EU6GC9B3
RRTBA3L3YB5SCY3BW,Mercedes-Benz,X-CLASS,4602695,2020,Задний,Автоматическая,5029068545700,606ZDMWN6HPDRAK53
CBXMYK871K4V3TJNZ,Lamborghini,SIAN,9799691,2022,Полный,Автоматическая,1185682054260,H9Y023UJ2ZU0Z76T8
M0JFTS3YXLUCR7PBT,Mitsubishi,OUTLANDER XL,6366758,2018,Полный,Автоматическая,5026150093240,SVV51LLKGGGS47DW1
0SD9X33YGXYEU09E3,BMW,X1,5567360,2021,Передний,Механическая,5154729092580,A19883TN2M6RYY50X
NXBYPTDAAV9UB42X7,Hyundai,SANTA FE,860317,2014,Задний,Механическая,1096603058826,PX3BLCBFTJF9GL275
C49J5CT5UX5KZR9PK,Honda,CLARITY FUEL CELL,2300877,2020,Задний,Механическая,5026506447920,73TFWZZPRJM7ZBX4B
1B9PSE5JSCT5CN9V4,Honda,CIVIC,1384711,2006,Передний,Механическая,5160622964981,ZHB6NAZRVN4V8XBTT
G0EVJUUR9J5J4CDHU,Nissan,370Z,6482501,2019,Задний,Автоматическая,1018820393459,7C6BLL681Z30CP8DC
PVXVAF3BYA5EA5LT1,Toyota,LAND CRUISER PRADO,4659116,1996,Задний,Автоматическая,1192962817596,6EJ2VPZC1GW3GDWX1
B4185BFHCDAWKSPY3,Toyota,GR 86,6669789,2022,Передний,Механическая,5070416856032,N65Y2TVZEDDETWEV6
S64A1H04ABUE20RW8,Toyota,GT 86,6005417,2020,Задний,Механическая,5019208383574,AB3BP64PXDTXR52ZC
GMAHK4KGESY4UM9K2,KIA,PROCEED,6834512,2019,Задний,Механическая,1173241436323,E4T8LM1777F7FT0RJ
9UGLF5VS2R8V4ANF8,Hyundai,MATRIX,6814664,2008,Полный,Механическая,1033363003607,Y5C4UXRK6Z1GZ4R07
74JYX3NW8W4W3C0V1,Hyundai,IX25,1368471,2014,Передний,Автоматическая,1134229367304,ED1ME2Z3FVX57SN1S
C4HSRZVW175EDZLDE,Mazda,BT-50,2807701,2016,Полный,Механическая,5049297912362,2DRKA3C2437CLB2HL
Z4VBBXKVWP5X63X70,Jaguar,XF,8945596,2012,Передний,Механическая,1124312395349,ED1ME2Z3FVX57SN1S
W592XGK2S4UFU4ADE,Lexus,NX,6631649,2021,Задний,Автоматическая,1082658726765,R6V4FLB2VXR2LYHVC
XK8ATWP5AUJRX4N4T,Infiniti,Q30,5985346,2022,Передний,Автоматическая,5115175151812,LXR6KG55S7H13KS61
6FAYXXUEUXDCU6BT2,Hyundai,IX25,8933903,2014,Задний,Механическая,1102215448488,SWXJ6VLKABRF62YZ3
2RRGD0PJ7ZLBKLF38,KIA,OPTIMA,7526622,2016,Задний,Механическая,1128059780012,07TJSUSU3ZANBKBR5
64D61FMR272NDHW58,Hyundai,TUCSON,4611967,2015,Передний,Механическая,1131021982618,LDHBYX8NV74G83XTY
RUY6S4R2DFPWD9B1M,BMW,6 SERIES,1780130,2015,Полный,Механическая,5136627074018,DPK3MPC07UE1BJG5Y
9BB4H3J3ZTKGEG87L,BMW,X7,4086660,2021,Задний,Механическая,1096603058826,L6EB43W1HK1S2Y766
SVPF5XJ1TSTC457G5,BMW,M1,8803145,2022,Передний,Механическая,1187317701581,1P4SDW4YAB57WXTHW
VA0HZVJJ76PKNM7T5,Mitsubishi,LANCER EVOLUTION,1101026,2016,Задний,Автоматическая,5020220256216,7UAX4MS17PJRNY40M
R3TE55WPK5KSM081X,Lamborghini,SIAN,5947903,2022,Передний,Автоматическая,1024234409726,7HT1P1WDWSW8E9BUY
NBG9E5DFY0YCFFJFF,Mazda,CX-30,3423584,2020,Задний,Механическая,1111650624997,CBXMYK871K4V3TJNZ
SNA9ZPJWM3FTW15KB,BMW,2 SERIES GRAN COUPE,8331233,2021,Полный,Автоматическая,1072938641820,D5LR3Y8W689HZRCHA
2X7KDW7GLM0Z9CNE7,Toyota,LAND CRUISER,511846,2010,Передний,Автоматическая,1160755349875,LG01KP7AXR568MZFF
J1SYBSRTP3A8C1A12,LADA,2107,2248701,1992,Задний,Автоматическая,5202984070460,Z6ZK3FVA8ZDW25CRK
NF99MWU8C6R9JKWGX,LADA,KALINA,8221521,2018,Передний,Автоматическая,5203168060464,Y0F0XPRSVDZFWT07K
APU6MF1KWZN4HMF2M,KIA,CEED,8149506,2021,Передний,Автоматическая,1170880178050,6S8Y6CFA857T4R87E
RSUJDP14MDHMVV1D5,Lamborghini,CENTENARIO,8375260,2021,Передний,Автоматическая,5086368307427,DCFKYTEJAP85CUAPK
ED6AAAPED2VB4LJ3B,LADA,KALINA CROSS,4867782,2018,Полный,Механическая,1111103858744,WGBWX9G139JVNL35Z
625MKWWWAYSPJ3JAH,Lexus,LC,8890325,2018,Передний,Автоматическая,5174457956680,7CCPZW1U88X8GBP2R
LVBDCBPGT7CSKJFAH,Hyundai,ACCENT,4326279,2004,Передний,Автоматическая,1056868730258,XKG62KAV6B1X7L2X3
KKPSTU6N7TUKM3A68,BMW,X3 M,4685715,2020,Передний,Автоматическая,5023590463530,5NF56L0JMFUL4GHFL
SK8HHJA9YMESEDT2E,Lexus,RC,3532958,2020,Задний,Механическая,5156861147702,87A35DULHRVEAW7LH
BLKH7R4W4RFK5BDRV,LADA,GRANTA SPORT,2868673,2017,Полный,Автоматическая,1173704514323,Y29VFMYTPZ542K4BG
5VH17HTW8TX52V2JA,Mazda,MX-5,9968231,2013,Полный,Автоматическая,1065132029247,NB19X3FR6VVE6VHJN
WRSSB73EPHY0L28H3,KIA,SOUL EV,2757320,2016,Передний,Механическая,5070520213396,J0F1S92G9S0G3EYKF
9T72SJGBWHHJ1T3G1,Hyundai,VERNA,527885,2009,Задний,Механическая,5103234575241,E1G1VU18JSTJFE090
REA5799RAVJNYVSLU,BMW,4 SERIES GRAN COUPE,9381059,2019,Полный,Механическая,1228594647379,TU3MGPEC3C0KF8Z7G
GX0LJ9WFNJB06T0M7,Subaru,TRIBECA,5118621,2018,Передний,Механическая,5031325719904,HMKNF5PBFKL93XDXA
Z901NRBGVREVS36J1,Nissan,LEAF,6698484,2017,Передний,Автоматическая,5171660498906,GX0LJ9WFNJB06T0M7
T4FTNBVRCC11U5D0A,LADA,VESTA CROSS,1334007,2022,Полный,Автоматическая,5193517545766,5VTL509PXFC9L2L92
NGYC330PRR09K4PX1,Mitsubishi,GRANDIS,4879048,2010,Задний,Автоматическая,1137409865559,6B7PYS3G7C8U368A0
759G2HUNCYTBPZHDH,Infiniti,M,2689803,2008,Передний,Механическая,1134840135770,GWV9G2V9227DBHLG3
6TUD3606X7KNBL717,Honda,JAZZ,783067,2004,Задний,Автоматическая,5067754441596,5NF56L0JMFUL4GHFL
3TE2FC1R8DY7CL8H6,Lexus,NX,6797850,2018,Полный,Механическая,1147238967952,K8KMMJS3GT3P51Z6E
SHVT02KJYE207SH8W,Toyota,CELICA,9991568,2003,Задний,Механическая,1078154073062,RRTBA3L3YB5SCY3BW
CGR24J4ZE5751BLAL,Honda,CR-V,7949673,2013,Полный,Автоматическая,1068300515667,GTBR77Z4Y4XKNYPBG
SCXWYBWS7NU483KAW,BMW,7 SERIES,1633171,2008,Передний,Механическая,1123362628212,0R1Z8ST33B62K4HBK
CTMG6V21SX9NWZT2T,Lamborghini,AVENTADOR,2278685,2012,Полный,Автоматическая,1068734791586,UF1GAEG537A2N08RR
P063YC0LCWPGK4VKX,LADA,4X4,6724935,2009,Задний,Автоматическая,5115479226957,LXR6KG55S7H13KS61
SS9EVBY82WZ834TFV,Jaguar,XJ,8745357,2004,Полный,Автоматическая,1173241436323,TNYTZFJ292YF06N2Z
UVA1WW42JH90F0LGW,Lamborghini,GALLARDO VALENTINO BALBONI,9620188,2014,Задний,Механическая,5022858286127,G3TVJ6LCXRJDDYFJC
GWCMB7S3UKKUW5HP0,Lamborghini,VENENO,5406085,2013,Полный,Автоматическая,1125634204662,E4T8LM1777F7FT0RJ
9JFSBHDE3A32B002G,Mazda,CX-30,3791103,2021,Полный,Механическая,5103194961491,YUGYF4C3VDBPT8GP0
R32KC7Z0GMAHWHJPM,Hyundai,GRAND SANTA FE,7084371,2021,Полный,Автоматическая,5136627074018,1K99VN5DPGKW1597J
270U54ZUJFVWXVMSZ,Lamborghini,VENENO,1295510,2013,Задний,Автоматическая,1111650624997,YT9V4YDU38KNZH1G8
ZDGFJ1MCLNJ0LTD62,Lexus,RC F,2685917,2021,Передний,Механическая,1088328958310,4TPBF5T9LAEAW7306
4H0BDHRVG6J0DBSGZ,Mitsubishi,COLT,574516,2021,Задний,Автоматическая,1147922381881,LXR6KG55S7H13KS61
SRTU4NERDD8M8FJ56,Mercedes-Benz,GLC AMG,3460568,2022,Задний,Механическая,1082928409244,Y5C4UXRK6Z1GZ4R07
KC92VBYXD43R9Y8N0,BMW,X7,7892616,2019,Задний,Автоматическая,1194401430398,LG01KP7AXR568MZFF
GFY4YAKA4EA6ZGSW6,KIA,SORENTO,688713,2011,Передний,Механическая,5077028655743,88FKU6DEY54P1VWRC
GM7WJN4S783GWA4C1,Toyota,HARRIER,720397,2014,Задний,Механическая,1125943944587,7KL30RZB5WPUTY76B
HCYZTWNK2TJE28TYH,Toyota,HARRIER,7325328,2019,Задний,Автоматическая,1160755349875,S8RX8U2GKJM97NM0B
X5JYAA3SL9CN137H4,Toyota,YARIS,933429,2019,Передний,Автоматическая,1125193794990,37NP1T8U5FNTADVR1
2TTY6J9AKYEDZ0LWM,Lamborghini,GALLARDO LP 570-4 SQUADRA CORSE,5132006,2018,Передний,Автоматическая,5133815070010,LKW89TMWB0A8C708Y
5GRB6SPRSEFK28B61,KIA,SORENTO,5568610,2008,Задний,Механическая,5192971312364,7CCPZW1U88X8GBP2R
7150E4L0NTC0LVF0A,Hyundai,MATRIX,7705170,2010,Передний,Автоматическая,5216505219365,EKY9C2W9P69XJ8GHE
86WCW05V1WPPVG5DW,BMW,5 SERIES,5995360,2020,Передний,Автоматическая,1207192528212,BRG0MZN58CA4S9GTR
80FGVG5EPT85DNSEZ,KIA,CADENZA,6145521,2013,Задний,Автоматическая,1050204319956,L6EB43W1HK1S2Y766
LMKLN3U9W39JR3LCY,KIA,RIO,716887,2012,Полный,Автоматическая,5155110029730,TRHMH2T0RHLCWVVE1
4XJUVLZAPEN6CSF5K,Mazda,CX-9,9820052,2013,Задний,Автоматическая,5100887293601,L4X13ZYUWXF346CF0
14DMSC18GB0XKMBNL,BMW,2 SERIES,6984816,2021,Задний,Автоматическая,5061580319169,WGS0VM2N0DP0KGN6C
PA1ZMBJATC1RK726D,LADA,2104,3552250,2014,Передний,Механическая,1027593064201,WGBWX9G139JVNL35Z
HSP28L6RAFKF9CDVB,Mercedes-Benz,E-CLASS ALL-TERRAIN,2977355,2018,Полный,Автоматическая,1215501170994,SNA9ZPJWM3FTW15KB
FFHSNLVSCEPBMXEHN,Subaru,TREZIA,1454157,2013,Задний,Механическая,1061011926095,VA0HZVJJ76PKNM7T5
81XA8DSW0RW2SRAW2,Mazda,CX-4,1598963,2020,Полный,Механическая,5182615884171,5A352VJZXFNJKS0GS
Z9UXMZ84XRYFZUJTE,Mazda,CX-9,5726930,2013,Передний,Автоматическая,5060220656106,3SMTDE5AWJTPM3951
NSHJ879S2RTL9W6K1,Lexus,RC,7876891,2020,Передний,Автоматическая,1082928409244,2V5HGE12SXWKWE0LB
TE16C7D467SPYGSLL,Jaguar,XE,3610226,2015,Передний,Механическая,1119199705371,XK8ATWP5AUJRX4N4T
RLJYFFWN7NSTW2003,Mercedes-Benz,AMG GT 4-DOOR COUPE,3386126,2022,Задний,Механическая,5031325719904,4GEB2HRSWR6LEX6RL
T1XSVSNHKBJSEYPD9,KIA,CEED,5245037,2012,Передний,Механическая,5173519999197,8US1TPWFYSZHU2SUG
8DGV0JE2V1XSBXY42,KIA,SELTOS,4234990,2020,Полный,Механическая,5049195000718,XV7MG4S8LN81GVG95
GSTDYGK8KUS5PS2B6,Infiniti,QX60,6142931,2017,Задний,Автоматическая,1176973877266,MC7J2W44AXMC40MH0
VPWMN8Y04YVSVZ7H9,Mercedes-Benz,S-CLASS AMG,5879960,2009,Полный,Механическая,5184083344176,11VUX1JCC5EXME0K3
FGW3EY62FMYKRX9KK,BMW,M4,1956024,2014,Задний,Автоматическая,5039108770850,2RRGD0PJ7ZLBKLF38
1KPDB8JJ32FNKZGR8,Subaru,WRX STI,5982277,2014,Задний,Автоматическая,5111289366117,ZHP7S2TAF4TPDSXNE
W76HVNGVCFPJSV40E,BMW,M1,9127534,2014,Задний,Механическая,1014465642025,DPK3MPC07UE1BJG5Y
3GSJBKRT4ACE5VAY4,Jaguar,F-PACE,2695317,2020,Полный,Автоматическая,5111470042789,MXD0ZVMDG5DJ7HUUL
FRLMX0TELA3CY6K07,LADA,"2110 (2111,21112)",6069935,2010,Передний,Механическая,1082928409244,GMAHK4KGESY4UM9K2
2LWJ20CJRWEB6PPB8,Lamborghini,VENENO,1892626,2013,Передний,Автоматическая,5085909944566,E2U586TR8NHTNJFFL
S47M4JHR52N5B4G0U,Mitsubishi,PAJERO,8343637,2008,Полный,Механическая,5160622964981,LK9AY8U4XHN0PRP12
GGTG97TAW3SMKHPVV,Mercedes-Benz,CITAN,2169769,2012,Передний,Механическая,5172973801138,FHZUEUCPEYVYV3UBB
ASCPHVY2EPGRAS86B,Honda,LEGEND,7967371,2006,Полный,Автоматическая,1015154222368,GWV9G2V9227DBHLG3
VW8M0PAET6SJG00NR,Hyundai,IX25,8408700,2014,Передний,Автоматическая,1051696797382,74JYX3NW8W4W3C0V1
JSBDBYATLN65MP6E4,BMW,6 SERIES,5988153,2008,Передний,Механическая,5012525612776,H7V8PMWFUR4X4P5XT
JMTELH35N685G0SUW,Mercedes-Benz,CLA SHOOTING BRAKE,4431016,2019,Передний,Автоматическая,5165162681514,6UJSA10G46MHCV63U
FLYTG1ECM1PDTW2P0,Infiniti,QX70,8805350,2016,Полный,Механическая,1077134836063,F6CG8L1RUZ105ZZFG
YSU29KK0BWV3F2MLX,Jaguar,XFR,9490184,2011,Задний,Автоматическая,1139137062162,6B7PYS3G7C8U368A0
2PZ044YCWRZB7M9E0,Jaguar,XK,6758481,2021,Задний,Механическая,1108433532294,DHKXN87X8YC9XHLP4
HC7XTDF05ZCH1MWK3,Infiniti,QX50,5178296,2018,Задний,Автоматическая,5216122679735,2DRKA3C2437CLB2HL
YVEFNWBE63HWAZAAE,Lamborghini,SIAN,1839769,2021,Передний,Автоматическая,5077973937840,YS50J43JLSXB10LTL
F21GBNBXXZ6UXE5LL,Subaru,ASCENT,8078965,2017,Задний,Автоматическая,1120103892798,5VH17HTW8TX52V2JA
3SPHYDJK1N2W64UY0,Mercedes-Benz,SLC,7260229,2021,Передний,Автоматическая,1115571613893,P6Y9WYA6TD7UYT8W3
4PB5VVPC0AJKYA0R7,LADA,KALINA NFR,4098298,2018,Задний,Механическая,5167831293053,81XA8DSW0RW2SRAW2
V3JW9VJ8303F5EW0D,Hyundai,CRETA,7972202,2019,Передний,Механическая,1085275728780,G545MYB6K2U9KSW5Y
AGFLRERLN1ZTJWTDV,Mazda,BT-50,9960172,2015,Передний,Механическая,5226829311385,S47M4JHR52N5B4G0U
FJ4KN3PLA5LXEH3PS,Mercedes-Benz,X-CLASS,6953237,2022,Передний,Автоматическая,5094341328054,PM8ACHCF7YNREGKUD
217SCRCD558SP0KH9,Toyota,4RUNNER,6053242,2019,Полный,Механическая,5173519999197,4YSSXU20WVLN9RDFE
B495B19VG0LGTG109,Lamborghini,HURACAN EVO,3951100,2021,Передний,Механическая,5094153221333,57CGJE3RVCC17518G
1R29SNWBJFD6PEV1C,LADA,KALINA SPORT,6932187,2019,Полный,Автоматическая,1105453038349,X21UPX1F9YCKNVSXW
ZDS0ASV9Y9UY4PANA,Nissan,X-TRAIL,9892120,2011,Задний,Механическая,5128663001440,FGW3EY62FMYKRX9KK
YULA66TCSCASHFPSD,BMW,6 SERIES,781891,2016,Полный,Механическая,5085378132296,JXHXLDBKLHPRRTXK2
7J7K5ER9KKZME9AUV,Nissan,X-TRAIL,565986,2017,Задний,Механическая,1116048016424,J0F1S92G9S0G3EYKF
TRFMSYR9P2SA90EA4,BMW,IX,2928312,2022,Задний,Механическая,5179067775002,YME1SLGPMZ0G5VC9B
K1KSW086X809SLKHH,Mercedes-Benz,AMG GT R,2854105,2020,Передний,Механическая,5224572930170,3TSNTWXNP7E0G0L9E
6JUUBKKVJ8SPLT4M4,Toyota,LAND CRUISER,7279446,2021,Полный,Автоматическая,5127259981976,7KL30RZB5WPUTY76B
CECVFHBWK9LV72EBW,LADA,KALINA CROSS,7269692,2017,Полный,Механическая,5192831494103,DNB5FK12FLCXYYGWH
6ZV1U3HSLDGZL2C8M,LADA,XRAY,3738678,2016,Полный,Автоматическая,5141198386302,22A7A24THK3PR2CMV
17YVP9PTM37U05WZD,Toyota,FORTUNER,7978184,2019,Полный,Автоматическая,5126121287364,Z9UXMZ84XRYFZUJTE
UV3SYFTV1KALDHBJ7,Mitsubishi,LANCER,1162131,2010,Полный,Автоматическая,5018013219857,XFKZ84VHE2HMEDV9M
KY987GXF709B521NZ,LADA,VESTA CROSS,1882544,2022,Полный,Автоматическая,1140761089248,XYVMXHXRYZNCJXZXD
HSVJRPD5SGSXWX49C,Lexus,LS,1010382,2022,Передний,Механическая,1070181823755,ED6AAAPED2VB4LJ3B
NKA97VY2SHG0DPFBW,Mitsubishi,COLT,8377623,2019,Полный,Автоматическая,5112793686297,5VTL509PXFC9L2L92
42SAJMT82SUS54CPS,Honda,CIVIC,8649574,2015,Задний,Механическая,1065561519143,VHNSY0JDUMR63XJJA
JDELZRSEGE6UZERGS,Mazda,CX-3,2162844,2017,Передний,Автоматическая,1057637541906,625MKWWWAYSPJ3JAH
8Y5TPALER204TKU43,Jaguar,X-TYPE,7785931,2001,Полный,Автоматическая,5209042835876,ZSCNAA4E0A9HSAJ16
MPUMW8RALDA58CAPZ,Hyundai,IX35,9218332,2022,Передний,Автоматическая,1170880178050,YS50J43JLSXB10LTL
HJW9KGPCF0K03BLWA,Honda,CLARITY FUEL CELL,3681986,2019,Передний,Механическая,5013965601315,2LWJ20CJRWEB6PPB8
MXSXDV2X68TXN4HY9,Hyundai,SOLARIS,8257903,2011,Передний,Механическая,5078068070614,R6V4FLB2VXR2LYHVC
08X5LC6BU1RM5RWLS,Subaru,IMPREZA WRX STI,8693127,2017,Полный,Автоматическая,5107646105804,W76HVNGVCFPJSV40E
DN18BJGUU692R030G,Mitsubishi,LANCER,3353355,2015,Задний,Автоматическая,1144092738723,GK41L6DNB3L235FG4
S53PV1A84VDD5ZX3Z,KIA,SPORTAGE,1663108,2004,Передний,Автоматическая,5052861111089,CYRGHMTV6EU6GC9B3
G48U315J7PC4XG055,Lexus,GX,6789535,2009,Полный,Механическая,5022585648102,XK8ATWP5AUJRX4N4T
MMLEDXHDR8VDD1HJB,KIA,CERATO,9462709,2018,Передний,Механическая,5103194961491,NXVHYYESP2TXG936E
NCZ3BLD6TYLDRBSGS,Honda,CIVIC,1348070,2013,Передний,Механическая,5049195000718,Y0F0XPRSVDZFWT07K
305VDCXU85DM0MEPD,KIA,PICANTO,9322777,2019,Задний,Автоматическая,1140761089248,JTB055MKXC8KGV325
UDLXYUGFWJC2KP1YB,Mercedes-Benz,CLC-CLASS,6786879,2010,Передний,Автоматическая,1015291433948,Y29VFMYTPZ542K4BG
MGUVB0YDNNUMEH69F,Mitsubishi,LANCER EVOLUTION X RALLIART,5182010,2017,Полный,Автоматическая,5203476024131,DPK3MPC07UE1BJG5Y
LCSBZ9M16D1329MTD,Mitsubishi,SPACE STAR,8004202,2005,Полный,Автоматическая,1116048016424,ENJMG3233WEYCZWZM
WB4G1JGWSFCJ3ARCM,Mazda,CX-30,3895336,2021,Передний,Автоматическая,5106408976768,10L3DXJ8RLAXX2WXX
AYKR2BU6682GP60UR,Hyundai,KONA,8009732,2019,Полный,Автоматическая,5223749594789,YUGYF4C3VDBPT8GP0
0LT4B6XWF2E868PVA,Honda,PASSPORT,3579940,2022,Полный,Механическая,5115652631177,S64A1H04ABUE20RW8
3GW7TTV7DER1GKD0E,LADA,VESTA,6241072,2015,Задний,Механическая,5204931988443,BTE4K0UMH1JTT6N0C
A396GAMYHBFXJUWD2,Jaguar,XKR-S,9916569,2021,Задний,Механическая,5142011582851,6F4R80NXMAJXVRJB2
8CLHEH93GK9FK02SN,Mazda,6,9872994,2002,Передний,Автоматическая,1130548027983,MGUVB0YDNNUMEH69F
SPUTCGGWWRYMGZZCD,Mercedes-Benz,B-CLASS ELECTRIC DRIVE,9671002,2015,Полный,Автоматическая,1057637541906,CS2D8X0F4BY6S9YY5
0A6SBVLUJCC875S98,LADA,KALINA CROSS,8160494,2022,Передний,Механическая,5133108849715,T1XSVSNHKBJSEYPD9
38SNL8M0167MF1TZ0,Honda,FR-V,6821228,2007,Задний,Механическая,5132714765772,DNB5FK12FLCXYYGWH
JP12JA2VX6WUHX95B,Mazda,AXELA,5867521,2021,Полный,Механическая,5182876550885,RRTBA3L3YB5SCY3BW
VYZZNLEWXYJ4AC7YN,Subaru,FORESTER,4838575,2015,Передний,Автоматическая,1214123752457,8RD06NX1XCLELZ09M
GJ14F7TWKE4GDVDJ8,Lamborghini,URUS,6150551,2020,Передний,Механическая,5062491064422,SK8HHJA9YMESEDT2E
CW66LD5CHFP7N0XYU,Lexus,RC F SPORT,8781594,2015,Передний,Механическая,5019208383574,8RD06NX1XCLELZ09M
XGSU8GCC6K379A413,Nissan,GT-R NISMO,2217027,2017,Полный,Автоматическая,5113201481124,WXX4UY4FVUYH3RYTH
1VPM5R3NNP7EXZ2XZ,Hyundai,GRANDEUR,4912231,2011,Передний,Механическая,1034819128739,R32KC7Z0GMAHWHJPM
7F2K21CBTZGMN93N0,Honda,CIVIC TYPE R,5522223,2020,Задний,Механическая,1105453038349,9T72SJGBWHHJ1T3G1
E9RX33ZNSC865ETTH,Mazda,AXELA,7035879,2019,Передний,Автоматическая,5051461323216,7KL30RZB5WPUTY76B
LHDYFVJHT4FPBN8UY,Hyundai,IX55,9744035,2012,Полный,Автоматическая,5025542996111,Z9UXMZ84XRYFZUJTE
2C2754TJDZ6P2FNN2,BMW,M1,5693045,2022,Задний,Автоматическая,1127660981898,0R1Z8ST33B62K4HBK
8HCY6TAPN57YBKCZY,BMW,X1,985909,2017,Передний,Автоматическая,5037612811275,MPUMW8RALDA58CAPZ
SE98WEJP9DST19G3L,KIA,CEED,5159276,2012,Задний,Механическая,1131021982618,E1G1VU18JSTJFE090
C2V2AXY6AKHA8PEJZ,Mitsubishi,OUTLANDER,4459250,2015,Передний,Автоматическая,1156213221999,217SCRCD558SP0KH9
DL7WXFHV92WAC3D0Y,Mazda,CX-30,6392054,2022,Полный,Механическая,5163364735815,UDLXYUGFWJC2KP1YB
JZWU0TW89WNMUPBGE,Lexus,GX,1597565,2011,Передний,Автоматическая,5154192861037,DNB5FK12FLCXYYGWH
JADS71225D3A5LPBZ,Mercedes-Benz,CL-CLASS AMG,6476621,2014,Полный,Механическая,5068199572623,86WCW05V1WPPVG5DW
W4LU6AC631NF3JYC2,Hyundai,IX20,6610625,2015,Полный,Механическая,1216681652934,E4T8LM1777F7FT0RJ
E052E6HYPHY1SKWX5,Jaguar,XFR,5992612,2011,Задний,Механическая,5155110029730,4XJUVLZAPEN6CSF5K
H8NGY4FFG7BLG1CWR,Subaru,STELLA,5183200,2016,Задний,Механическая,5012616908926,F6CG8L1RUZ105ZZFG
GSHV68N3YRB6ZR68L,Nissan,ALMERA CLASSIC,7996408,2011,Полный,Механическая,1228138235412,LXR6KG55S7H13KS61
F9UEJBPJYNHVS21WY,Mercedes-Benz,GLA-CLASS AMG,2826448,2020,Передний,Автоматическая,1105503300110,G3TVJ6LCXRJDDYFJC
VR0DC7WWG0SDXTYW3,KIA,OPIRUS,4476439,2009,Полный,Механическая,1176973877266,RK2J8DC432UEEKNFJ
E7Z7EVPS0CAFY1LYD,LADA,XRAY CROSS,4206347,2022,Задний,Автоматическая,1031379789847,XV7MG4S8LN81GVG95
7JD1BLGTT186T1ZRV,Lamborghini,AVENTADOR,8803465,2015,Передний,Механическая,1014724217738,GSHV68N3YRB6ZR68L
XMXMCTZULC69KNVS8,Jaguar,XKR,6546929,2018,Полный,Автоматическая,1174329627086,X5JYAA3SL9CN137H4
B0332SPCBDUZTKU9B,Nissan,FRONTIER,1745467,2022,Полный,Механическая,1177437063429,4YSSXU20WVLN9RDFE
CRAKNK25281J17BFV,Honda,ACCORD,1205305,2007,Полный,Автоматическая,1068819420174,1B9PSE5JSCT5CN9V4
WJFPN2VY7SU62EUBJ,Subaru,LEGACY,3478421,2020,Задний,Автоматическая,1198135188250,37NP1T8U5FNTADVR1
1DAW6RDL6M2EBRP3U,Mitsubishi,PAJERO,9140439,2008,Задний,Автоматическая,1110508178439,BTE4K0UMH1JTT6N0C
FC15HP83KE6RSCJJS,Toyota,VENZA,4626145,2014,Задний,Механическая,1147449377393,RLJYFFWN7NSTW2003
42727MACXVJP6X6G9,Mitsubishi,LANCER,3830797,2021,Задний,Механическая,1133660953898,Y7A8637LXU6LV448A
KN3Y3B0J4D0HU3N7K,BMW,I8,8488656,2014,Полный,Механическая,1071941837770,8H7A9M0XHPG0RTY3U
69HYVVCP1P9620VMW,Honda,CIVIC TYPE R,6159297,2020,Задний,Механическая,1137448704799,APWRK6NJHKL217H0U
797J6UB2KFNAXTJJY,Toyota,CAMRY,9289500,2020,Полный,Механическая,5023590463530,0JAWLH5R3W9MEDYAU
BC1KVFRKV0FP08EV4,Nissan,JUKE NISMO RS,1517648,2018,Полный,Механическая,5113279184882,UFCC8P2HDKRJK0F83
MK0A64H4C9G4T3ZXP,KIA,MOHAVE,6639379,2010,Полный,Механическая,5133108849715,ED1ME2Z3FVX57SN1S
2E87HL6D18BFKBRD1,Infiniti,Q30,6414296,2021,Полный,Автоматическая,1064803769007,20SSDN82263G4R1S1
YJPKJKLTYLND91ZUR,BMW,2 SERIES,9224818,2018,Передний,Автоматическая,1036442265892,RSUJDP14MDHMVV1D5
N7FMSJH5P7UJ9ESN8,Nissan,NAVARA,856955,2019,Передний,Автоматическая,1017187367548,2C2754TJDZ6P2FNN2
U27DGNU0L31CGCGZS,Hyundai,TRAJET,5975412,2002,Полный,Механическая,1198135188250,B61FAZJZF8HHD1B9D
U3PZTJ3FJ1WHCZUEE,LADA,VESTA SPORT,5514577,2022,Задний,Механическая,5182615884171,5NF56L0JMFUL4GHFL
PGKU78ZKAEAP4Y55B,Lexus,SC,654536,2002,Задний,Механическая,1083598109528,LK9AY8U4XHN0PRP12
WMZLESL92JB29SVFJ,KIA,RIO,6631681,2017,Задний,Механическая,1058423961530,SHVT02KJYE207SH8W
NFPC9NPDD2J5DV601,Mitsubishi,LANCER EVOLUTION X RALLIART,3656211,2009,Передний,Механическая,1166523224780,CBHK21WCYNFZHEV2N
T6X67UFBP2Z52UP5A,Nissan,X-TRAIL,5941440,2005,Полный,Механическая,1152140919963,Y7A8637LXU6LV448A
XLE3WSRB8ZMW5WVU3,Infiniti,QX50,6888803,2014,Задний,Механическая,1190375376290,A19883TN2M6RYY50X
E1SH26N93LDEDF0AT,Jaguar,XJ,4124305,2015,Задний,Автоматическая,5171895489794,ZKZAU6P511UZHZV1L
TW8VAN8KKF1UJE021,LADA,VESTA SPORT,4235511,2021,Передний,Автоматическая,1224860205316,BS1LNA0NY70PEK370
GEUP7D2VTTRNP69R6,Honda,HR-V,9570655,2014,Полный,Механическая,1110508178439,B4LPST8T5VLVR53DL
1ATZ2FYH48Y4TLR0M,Lamborghini,GALLARDO,8791958,2016,Полный,Механическая,1036685111242,NASM00AHXTCMLXUW9
NGU8134BTGC59ZPCD,KIA,MOHAVE,9403291,2021,Полный,Автоматическая,5140560012038,64D61FMR272NDHW58
D41T7CP49ZBPVCE8W,Hyundai,TERRACAN,3721408,2001,Передний,Механическая,1021570801119,57CGJE3RVCC17518G
A44K2L4ZTJFVUACGK,Honda,CLARITY FUEL CELL,8470481,2019,Передний,Автоматическая,5193120671244,LXR6KG55S7H13KS61
Z9HE8HU0X55WG19LC,LADA,KALINA,9753010,2017,Полный,Автоматическая,1126234414041,T1XSVSNHKBJSEYPD9
S17YYDJHUD0HWY48W,Toyota,RAV4,9425320,2012,Передний,Механическая,1183185874618,5NF56L0JMFUL4GHFL
2TWXJ4F0GKWBAXXZP,Hyundai,IONIQ 5,8743307,2022,Передний,Автоматическая,5020317669830,H8NGY4FFG7BLG1CWR
TN97XPFK7VN2VGBNF,Toyota,COROLLA CROSS,7785521,2022,Полный,Механическая,1108951524604,SWXJ6VLKABRF62YZ3
3T1RYYATZYDFEB6UZ,Mercedes-Benz,GLE,6275641,2020,Полный,Автоматическая,5010418407929,7C6BLL681Z30CP8DC
ZLM7ZNUZ87FV6R9H7,BMW,M2,7354591,2021,Полный,Механическая,1054346365314,YULA66TCSCASHFPSD
F1AZWVM8P8NZ9SMBG,Honda,FR-V,7211045,2005,Передний,Автоматическая,1137409865559,VFP8BZUVALDPZPAC1
NSNU67U866PXW8UTA,Honda,INSIGHT,7852284,2018,Передний,Механическая,5012616908926,D15MEW3RJJ3H9XNBL
G6SFY3KU8FADX2AUK,Toyota,YARIS,4573176,2021,Полный,Автоматическая,1052745173250,C2V2AXY6AKHA8PEJZ
LS79J3GXR7UVCBK06,Nissan,PATHFINDER,3004522,2012,Передний,Механическая,1055447102204,9UGLF5VS2R8V4ANF8
D6TR2A1MS7E07MLVK,Mazda,CX-3,7772508,2016,Полный,Механическая,1120980877159,GK41L6DNB3L235FG4
D1ETMWK4WEJ3KUNTJ,Lamborghini,GALLARDO LP 570-4 SQUADRA CORSE,8089022,2018,Передний,Механическая,5203526163319,N65Y2TVZEDDETWEV6
JF2XYZ9YCU9PFVX2A,Toyota,ALPHARD,2158044,2019,Передний,Механическая,5055452467659,T6X67UFBP2Z52UP5A
05AD21VPFU7LA4T7C,Hyundai,GRANDEUR,6594954,2011,Полный,Механическая,1116048016424,G48U315J7PC4XG055
U9RAEBYKLW33J142E,Toyota,SUPRA,3485683,2020,Полный,Автоматическая,1130548027983,KN3Y3B0J4D0HU3N7K
84YE27PC61S664TVU,Mazda,MX-30,6480625,2022,Передний,Механическая,1017781773570,J44MDJ06KZGNKLEZJ
2WYDT66733P6MW0YE,Toyota,AURIS,7355376,2006,Полный,Автоматическая,1146854167712,5GRB6SPRSEFK28B61
WPDKX2XNN8K71G291,BMW,X5 M,4281474,2019,Полный,Автоматическая,1216560565033,WRSSB73EPHY0L28H3
8PRRK1PBNC5Y8UKH1,Lamborghini,VENENO ROADSTER,2608914,2019,Передний,Автоматическая,5052861111089,MMLEDXHDR8VDD1HJB
2W0SAS2T33UHT9LEH,LADA,SAMARA,9590743,2019,Полный,Механическая,1127331470804,AGFLRERLN1ZTJWTDV
F90PRPL45G9HLKNLK,Mazda,3MPS,9130059,2014,Передний,Автоматическая,1214677284997,U27DGNU0L31CGCGZS
KDVUP52YBELCZ2HGA,Hyundai,IONIQ 5,5815240,2022,Полный,Автоматическая,1085275728780,A19883TN2M6RYY50X
XJMEYT8FZLY9ALX75,Infiniti,Q70,3130519,2017,Передний,Механическая,5227564447457,ZHB6NAZRVN4V8XBTT
XW2PW6G2059SXXDYJ,Nissan,ALMERA,4924209,2008,Полный,Механическая,1014520632268,3RFC2SUWG3ECGFFHZ
BN96CHVR6B6AUDY98,Honda,CIVIC,6359176,2020,Передний,Автоматическая,5116025839331,5VH17HTW8TX52V2JA
ZNW4JHSCWNSYPUC0M,BMW,X7,9879081,2021,Полный,Механическая,5113609624453,56TNCYEKDDEWFCW05
FYVRV2YKNKU62B3M8,Mazda,CX-7,5811439,2018,Передний,Механическая,1156448633989,HDDR0DDYXUG5M4K2A
E2588P7DEB4NNJJGW,Nissan,SENTRA,527625,2014,Задний,Автоматическая,5137651534818,LLYY3GDB6BJ8L39AN
0RJDW9V0RHKYRNXWP,Lamborghini,GALLARDO LP 570-4 SQUADRA CORSE,4092976,2022,Задний,Автоматическая,5192058106686,2X7KDW7GLM0Z9CNE7
MKWUENMJLJ30EDLUW,Lamborghini,GALLARDO,5391542,2019,Задний,Механическая,5203526163319,UF1GAEG537A2N08RR
CNVXVSAU6PV37JTN3,Lexus,GX,4491176,2019,Полный,Автоматическая,1128901476021,F21GBNBXXZ6UXE5LL
Y1YJ75PU1V46228JS,Lexus,GS,4997599,2022,Задний,Механическая,1050204319956,8MNSHTGNCCD48J8HG
5Y2FZEVSDKV9ZD46R,Lamborghini,HURACAN PERFORMANTE SPYDER,2838248,2022,Полный,Механическая,1150988779875,Y09KJERBCVCKTSYJ5
F2JCTS1KEUDLXDCVD,Mitsubishi,ECLIPSE CROSS,6693631,2020,Передний,Механическая,1172772613540,RAE8HTH2RRFX5730U
R80P6PJDFGMYT4HA0,Toyota,AURIS,9511100,2008,Полный,Механическая,5195349755244,6UJSA10G46MHCV63U
R3FC33R1T26RLB9Z8,Subaru,IMPREZA,4524545,2015,Полный,Механическая,1062211579000,APU6MF1KWZN4HMF2M
2MKLNBBW2FJW8YPZV,Hyundai,GRANDEUR,2521665,2015,Полный,Автоматическая,1060627848445,MVYLTJSFMXAYBNVHM
6TUDHWVA72GYBAPDK,Lexus,GX,7587090,2005,Полный,Автоматическая,1062742442190,20SSDN82263G4R1S1
2D2W6GPK5YESF8DZW,Nissan,QASHQAI2,6883330,2022,Задний,Автоматическая,1113033839214,CX9EZAA30JSWZ01S8
5H2Z462YH0SM5G0GX,Toyota,YARIS,1608601,2014,Полный,Автоматическая,5062594232366,X5JYAA3SL9CN137H4
NE87615E0R8WTNADF,Lamborghini,GALLARDO VALENTINO BALBONI,9954322,2013,Полный,Механическая,1082104000065,RLJYFFWN7NSTW2003
GVRZ7FF49H45V3CT4,Lexus,LC,2799186,2021,Передний,Механическая,5137651534818,LKW89TMWB0A8C708Y
CX72M64GZPFVZGHLA,Lexus,UX,6912231,2021,Полный,Механическая,1017516032775,B2XB16NMJ50WMUNH9
5W97MBWXKEE3SHXU4,Mercedes-Benz,CLS-CLASS,7846744,2018,Полный,Механическая,5084693279810,JSBDBYATLN65MP6E4
B9RYK225E2C97J0N6,BMW,X7,2874233,2019,Передний,Автоматическая,5048717333484,57CGJE3RVCC17518G
YAPCW02RB7C7DU7B4,Lexus,LS,3348637,2017,Полный,Механическая,1113751796784,1DYANM63PHZVGXH6R
SPD7TD37KMXZAM4J7,Mazda,CX-7,4344690,2011,Полный,Механическая,1186975751137,CX72M64GZPFVZGHLA
12A1FUX97T7AS8KYE,LADA,VESTA CROSS,1343714,2018,Передний,Механическая,5140985568543,FS0RUTLMFLW08D8FD
VVTNSYDE6WAMS249J,Lamborghini,MURCIELAGO SV,3107339,2010,Передний,Автоматическая,1111816533784,SVPF5XJ1TSTC457G5
WRM26U54S4T7B0ZUZ,Infiniti,EX,6633658,2010,Задний,Автоматическая,1041868812666,UVTESL82T4BKTRHA1
BPMK7R9KJSA7M688L,Lamborghini,GALLARDO LP 550-2 SPYDER,2502578,2008,Задний,Механическая,5055452467659,69HYVVCP1P9620VMW
H8LTF8FH22SX9H0WY,Subaru,IMPREZA WRX,3285519,2007,Полный,Механическая,5165254864540,73TFWZZPRJM7ZBX4B
0GW7JMFDAAPT1B1AM,Toyota,SIENNA,3074860,2020,Полный,Автоматическая,1177437063429,HRF8WJYY4EXK8WEPF
0RDPDZGYYH2ATBYA0,Lexus,LFA,9883502,2017,Полный,Автоматическая,5010418407929,GTD1TB1M3U6ZSSZGF
TG9ZL1W5BBBUVWTJK,Infiniti,QX50,9541942,2014,Передний,Механическая,1055447102204,73TFWZZPRJM7ZBX4B
P5712UVDERUWL2LD4,Mitsubishi,ECLIPSE CROSS,4110807,2022,Полный,Механическая,1220723029284,FYVRV2YKNKU62B3M8
KVPR4BZ7GRF1XGSGF,Toyota,COROLLA CROSS,8935890,2021,Задний,Автоматическая,5214407170313,UVLNM0E7UCDNWLYKE
X8Z71Z8RAC8D4JP13,Mazda,CX-9,960508,2015,Передний,Автоматическая,1035208040229,22A7A24THK3PR2CMV
MW5W5GEBU68M6GJ7K,Nissan,TEANA,4040589,2019,Задний,Автоматическая,5072637428860,LDAK0PXTWNYUV5Z77
B3P265JL143DWSDPT,Nissan,GT-R,6421596,2017,Полный,Автоматическая,5022346630862,8H7A9M0XHPG0RTY3U
YN1DZWW27PU0PX2SJ,Honda,FR-V,7950864,2005,Задний,Механическая,1147449377393,GWV9G2V9227DBHLG3
ZR82YM6JCBSXG7KYS,Mitsubishi,ATTRAGE,537403,2021,Задний,Механическая,1079245754642,VPWMN8Y04YVSVZ7H9
Z68TN350PES3G1JUC,Lamborghini,SIAN,7474627,2021,Полный,Автоматическая,1171958271781,06PYFYA9YF9SL0MEG
CF5F1985V71SVDT4E,Infiniti,QX56,7671220,2021,Полный,Автоматическая,5138448690419,HRF8WJYY4EXK8WEPF
GX84HT96KY93LVPS1,Jaguar,XJ,5152218,2004,Задний,Автоматическая,1055744944970,JDELZRSEGE6UZERGS
FBW3X8W8G421AYH7R,KIA,MOHAVE,4279488,2022,Задний,Автоматическая,1036989954528,PPTJK6JF3S9E5B7X7
Z0L8V78RKA80B3B2J,Mercedes-Benz,S-CLASS MAYBACH PULLMAN,1531514,2021,Задний,Автоматическая,1208549160467,SGPNBH3Z5R9SVNHJ1
P5ZMGGTC77LZGWCLN,BMW,X6,4194819,2020,Передний,Механическая,5115479226957,50XBGFBAE6P3LWM2M
LS7F71AJD4RGEY93D,Mercedes-Benz,GLC COUPE,9205047,2021,Передний,Автоматическая,5013965601315,3SPHYDJK1N2W64UY0
8NCJUMRE5V23NRL6Z,Hyundai,IONIQ 5,4496877,2022,Задний,Механическая,1047152393364,B4185BFHCDAWKSPY3
TWCZXA8CK08X30FM4,Hyundai,GRANDEUR,8266134,2019,Передний,Автоматическая,1147527278964,Z9HE8HU0X55WG19LC
7U07K0RCP3S1F4LUP,BMW,M8,9204373,2022,Задний,Механическая,5157860493984,NCZ3BLD6TYLDRBSGS
N0C8H21ZHTS5FJ5LG,Lamborghini,VENENO ROADSTER,3237173,2022,Полный,Механическая,5075466431410,3GSJBKRT4ACE5VAY4
X1K7LBT7XYPD3B940,Hyundai,I40,4342660,2021,Передний,Механическая,1162380840600,2C2754TJDZ6P2FNN2
WK5JUFYEF8MB6PSJ3,Mazda,3,2278705,2014,Передний,Механическая,1010819905689,LG01KP7AXR568MZFF
JL3BCGWF4JARH67LD,LADA,2107,9486620,2017,Передний,Автоматическая,1104241609230,DL7WXFHV92WAC3D0Y
N26ET3REHGWVVY38D,KIA,MAGENTIS,7880350,2007,Задний,Автоматическая,1205886214159,SVV51LLKGGGS47DW1
TWWKG3DLEDV6P6APC,Lexus,LC,5235222,2017,Полный,Механическая,1015154222368,CJVZLG1XAU23RYHEF
GPKCF0LC6SGY1N2W3,Mitsubishi,COLT,9878806,2014,Полный,Автоматическая,1055447102204,S8RX8U2GKJM97NM0B
YTSWRLANGH8GBA2JP,Mazda,MX-30,510760,2021,Полный,Механическая,1147978741635,37NP1T8U5FNTADVR1
9YNFJSNVJYL35GZC2,Mercedes-Benz,AMG GT C,3014299,2020,Передний,Автоматическая,1120980877159,5E0BV8N9RCFT3NN9T
N1FXSSPRNED9MEPWN,BMW,1 SERIES,5596039,2011,Задний,Автоматическая,5209288266721,B3P265JL143DWSDPT
Y1Y25CKT1XHL9NTLS,BMW,M1,6431509,2015,Полный,Автоматическая,1103646010610,0U5PS0DGWK1RTHC52
BJY3ZEEX7E5YMBE3G,Jaguar,XF,8375318,2007,Полный,Механическая,5218498009220,TE16C7D467SPYGSLL
13TF7CAZX486FA7UN,Subaru,OUTBACK,4421859,2020,Полный,Механическая,1068734791586,2TWXJ4F0GKWBAXXZP
FW732EYXB72X773GD,Lamborghini,MURCIELAGO SV,8549031,2010,Задний,Автоматическая,5088317476870,0P0ZM6YFS9SEDEBNT
5NNKZNUDNUWFFBNZ3,Mitsubishi,LANCER EVOLUTION,3788105,2010,Задний,Автоматическая,1021722191622,RK2J8DC432UEEKNFJ
PVJXPXN802B48SB70,Honda,STREAM,3115390,2019,Передний,Автоматическая,5193517545766,MW5W5GEBU68M6GJ7K
FUF8B5FLNXWYKK8LY,KIA,PICANTO,9016453,2013,Полный,Автоматическая,1104241609230,Z6ZK3FVA8ZDW25CRK
35CHUPA5HWAX2V4NJ,Jaguar,F-TYPE,6838876,2021,Задний,Автоматическая,1162380840600,FHU7089AG8ZBS9R7J
R7TB5PD5SX9E519L5,Mazda,3MPS,3607069,2021,Передний,Автоматическая,5156861147702,Z0L8V78RKA80B3B2J
SS7BTYGA463SZLAAR,Mercedes-Benz,SLS AMG ELECTRIC DRIVE,6377945,2019,Передний,Автоматическая,5103234575241,FYVRV2YKNKU62B3M8
3540L0X7F9BSFMDYW,Lamborghini,VENENO ROADSTER,7663322,2014,Полный,Механическая,5052291646260,SWXJ6VLKABRF62YZ3
E5FRWJ3P0507NHCC1,Mercedes-Benz,AMG GT C,9702678,2017,Передний,Автоматическая,1100495209000,HRF8WJYY4EXK8WEPF
BJHMHPA9SV78JP8YR,Infiniti,QX50,6183530,2014,Передний,Автоматическая,5094358312824,C49J5CT5UX5KZR9PK
CM8LDNXLYHG88X6AP,Honda,ACCORD,736715,2022,Передний,Механическая,1065763400174,E9RX33ZNSC865ETTH
GU6L7BLSEVW0Y737G,Mercedes-Benz,GLS AMG,800876,2021,Передний,Механическая,5063356076086,TRFMSYR9P2SA90EA4
77YZCXDN4DVYB5PWE,Subaru,OUTBACK,1116670,2014,Задний,Механическая,1014465642025,UFCC8P2HDKRJK0F83
BB9VA5SYHSAMH6EW6,Toyota,SIENTA,4847569,2020,Полный,Автоматическая,5192971312364,9A4X5U010DR6J9216
LFMN9VVLHCJSDRBJU,Hyundai,PALISADE,5326254,2020,Задний,Автоматическая,1072938641820,D41T7CP49ZBPVCE8W
DCH3WJGAJ5A9W7SLM,Jaguar,I-PACE,5977275,2021,Задний,Механическая,5124757378048,WMZLESL92JB29SVFJ
GJCKY8DJWK8MX87FP,Jaguar,F-TYPE,1473452,2012,Передний,Автоматическая,1080640970630,FLYTG1ECM1PDTW2P0
TV2B3XN13DRF97105,Jaguar,XF,1860457,2012,Передний,Автоматическая,1082760425989,R3FC33R1T26RLB9Z8
PLP3JVV4WP97974AL,Mazda,CX-5,5472286,2012,Задний,Механическая,1131495677500,1DYANM63PHZVGXH6R
A0L9J39UYFCMXVWPV,Mercedes-Benz,CLA,7301236,2022,Задний,Механическая,5153223300885,NB19X3FR6VVE6VHJN
8U3PU30TYY3LLA43P,Toyota,VOXY,3612021,2014,Полный,Автоматическая,5203476024131,0JAWLH5R3W9MEDYAU
3PV25T9AUFKGR2X4X,Toyota,IQ,4570257,2020,Задний,Механическая,5213627110769,3TE2FC1R8DY7CL8H6
K88NZV1W7N9KY2XYZ,Lexus,LFA,7530018,2016,Полный,Механическая,1051130999490,7150E4L0NTC0LVF0A
CBC7UF7HZLRWRL4LN,KIA,XCEED,1195093,2020,Задний,Механическая,5150667833861,NB6KWCTUB2B9J35Y6
0J1H9D6NCZL80WXZH,Hyundai,TRAJET,1926853,2000,Полный,Механическая,5020220256216,NSHJ879S2RTL9W6K1
83P13X4DFZ8X4GRCZ,Subaru,IMPREZA XV,6994729,2010,Полный,Механическая,5024504983025,E2588P7DEB4NNJJGW
S82ZZW7XSRRPC2ZFU,Mercedes-Benz,VIANO,2400614,2015,Передний,Механическая,5224572930170,93ULDFTM73ZLLFTM1
JBH26AJ43CESHRLLN,Mitsubishi,GALANT,5175833,2000,Полный,Автоматическая,1122375015575,RLJYFFWN7NSTW2003
NLF8N69BDZ5BVKUZC,Infiniti,JX,3585353,2017,Полный,Механическая,5086698253340,FS0RUTLMFLW08D8FD
8BDP02HMP1E62AXGU,Mercedes-Benz,S-CLASS CABRIOLET,5910771,2016,Передний,Механическая,5032561052970,3RFC2SUWG3ECGFFHZ
YNR29VBYJLTT35HV8,Mazda,CX-3,1220098,2015,Передний,Автоматическая,1117797523590,Y0F0XPRSVDZFWT07K
XCV79FB9KZ6Z0RLN6,Infiniti,QX80,9721289,2018,Задний,Автоматическая,5193174870774,K49NVJNN6D1XZ91XS
DE1WLYC5SP4R46ZY2,Lexus,RC F SPORT,2196637,2017,Задний,Механическая,1096160625351,3SPHYDJK1N2W64UY0
TTPMURRZW1W73LCBJ,Subaru,LEGACY,9633804,2020,Полный,Механическая,1140189768180,C4HSRZVW175EDZLDE
4YRFLNC151B9X5YNA,Lamborghini,HURACAN PERFORMANTE SPYDER,8472199,2019,Передний,Автоматическая,1044671797631,N4HCE2AJ4SH83GW4F
9DL4R8ERWC3X52BYJ,Subaru,IMPREZA WRX STI,2750735,2019,Задний,Автоматическая,1011210055746,TE16C7D467SPYGSLL
U7X4S10B2R6K08RWW,BMW,X7,6662388,2019,Задний,Автоматическая,1072938641820,6JUUBKKVJ8SPLT4M4
80NMC5Y70UEZ7YPG6,Honda,STREAM,8262302,2012,Передний,Автоматическая,1062957932014,J6RMFUUA8N8KEV90Z
XAJF3VKV8ETTED7N4,LADA,GRANTA SPORT,8297296,2020,Передний,Автоматическая,1030922137707,SRTU4NERDD8M8FJ56
EDVAF6BRTMXXC331N,Jaguar,XKR-S,6352914,2014,Полный,Механическая,5010418407929,AGFLRERLN1ZTJWTDV
51F45YSN5UM670AUY,Mitsubishi,OUTLANDER PHEV,6559031,2014,Задний,Автоматическая,1062053142854,797J6UB2KFNAXTJJY
YXG1391H5M68GELCK,Toyota,YARIS CROSS,5177869,2022,Полный,Автоматическая,5118642293204,4XJUVLZAPEN6CSF5K
1WC8XGLT0KPBM4Z45,Mitsubishi,GALANT,1183573,2002,Задний,Механическая,1067962925315,WGBWX9G139JVNL35Z
UTWGVU72FMBUJV3WB,BMW,3 SERIES GT,2921397,2017,Передний,Автоматическая,1188149183650,Z9HE8HU0X55WG19LC
EWRR04RA1PTYCPCL0,Nissan,370Z,7424754,2018,Задний,Автоматическая,5025433255030,R3TE55WPK5KSM081X
GFU1JFTECRPH4DU2A,Subaru,LEGACY,1196359,2009,Передний,Механическая,5227830092078,LVBDCBPGT7CSKJFAH
33ZCCPE65KPMY4XFV,BMW,3 SERIES,5223137,2010,Задний,Автоматическая,1051696797382,86WCW05V1WPPVG5DW
K89N6ACX19H24SLYB,BMW,M8,2237009,2018,Задний,Автоматическая,5073976138671,2TWXJ4F0GKWBAXXZP
Z5XF9P3HVJECMTPPK,Nissan,350Z,4254310,2008,Задний,Механическая,5137892323608,M6GDVBB82E3J7ADX7
28S7V2L11354P3SF6,LADA,VESTA,3447278,2019,Задний,Автоматическая,5178449762926,DHKXN87X8YC9XHLP4
Y5E0PJWFXCFT42EJG,Jaguar,F-TYPE,7411918,2013,Передний,Механическая,1160926067147,SRTU4NERDD8M8FJ56
8A9YZBT2N2N2RC82Z,Jaguar,XF,972262,2021,Задний,Автоматическая,1163256763350,877WHNWGTE9SSZ519
2MTMUTERZCEGBPL4E,Mazda,CX-9,2270277,2014,Задний,Механическая,1131021982618,XW2PW6G2059SXXDYJ
7U8DNNN4GNSKDLY5F,Subaru,STELLA,3066725,2019,Передний,Автоматическая,5165761138769,CGR24J4ZE5751BLAL
TDT9X6D2LSR7X6J9C,Lexus,UX,2058211,2020,Полный,Автоматическая,1224860205316,ULTRNF06LUH8H5E8S
T3MNXWEPHJNJZLKX8,Mazda,AXELA,8105829,2021,Задний,Механическая,5211865562068,LFMN9VVLHCJSDRBJU
DUFCDZPMM8BMA551P,KIA,SORENTO,8536525,2019,Передний,Механическая,5056288057359,CGR24J4ZE5751BLAL
GL0LPPGAZ7M358H7D,Toyota,VENZA,6808329,2016,Передний,Механическая,1174442251280,HDDR0DDYXUG5M4K2A
7RZJ0VKDPBY05YUE5,Subaru,XV,7317371,2016,Задний,Автоматическая,5191776868179,H7V8PMWFUR4X4P5XT
DWVM4YEDXV2DFHTK9,KIA,SPECTRA,9171505,2010,Задний,Автоматическая,5121646614821,MK0A64H4C9G4T3ZXP
KJ4EXYAMB77R97D5Y,Subaru,XV,4638212,2016,Задний,Автоматическая,5046196322244,JDELZRSEGE6UZERGS
V8LCT9H6M143DTYZY,Toyota,LAND CRUISER,8520604,2011,Передний,Механическая,5154358390423,BTE4K0UMH1JTT6N0C
F5FUU9BEVKMK1RRWJ,Nissan,GT-R NISMO,4100051,2017,Передний,Механическая,5110361336564,8DGV0JE2V1XSBXY42
CDLDVCEAX8JBLH1K5,Infiniti,QX30,3128120,2017,Задний,Механическая,1091390857414,BRG0MZN58CA4S9GTR
NTAYD2WFJA1931F6L,Mitsubishi,ATTRAGE,5488078,2014,Задний,Механическая,1041868812666,ATKN8AMV21GZ6PPHH
L6AW3DB6EACE01HAW,Honda,VEZEL,3851906,2014,Передний,Автоматическая,5062020853220,877WHNWGTE9SSZ519
DWNA4KNY0ECH28NLX,Jaguar,XFR,9031466,2014,Полный,Автоматическая,1194401430398,6X127PRWDT4FGTU8K
4L2G5C000RNCFA1HA,Mazda,MX-5,9185847,2010,Передний,Автоматическая,5167114611439,5NF56L0JMFUL4GHFL
CZ80FEBY96NYWK3WS,Mercedes-Benz,G-CLASS AMG,9839199,2014,Полный,Механическая,5055452467659,K8KMMJS3GT3P51Z6E
MHM6MSYE6PJK4K4RM,Mercedes-Benz,CLS-CLASS AMG,8939550,2013,Передний,Механическая,5091730321634,LR2ZAL5E02PY79CBX
XXN6GBXRMT4TFPN2T,Jaguar,F-TYPE,9150062,2019,Задний,Механическая,1113629637670,0SD9X33YGXYEU09E3
3VVK5CZR5Z8FF31EC,Subaru,OUTBACK,4033006,2006,Полный,Автоматическая,5198464839095,NGSZVU8612FSB1817
TBMU63YYNJG3DF4XX,Subaru,OUTBACK,1348238,2019,Полный,Автоматическая,5133475270803,69Y5RG72BK357D3ME
58RU1D5U6U342755X,KIA,XCEED,7323022,2020,Задний,Автоматическая,5192971312364,8A9YZBT2N2N2RC82Z
91JG1ESDUFJH8FGU6,KIA,K900,2676340,2022,Полный,Автоматическая,5118642293204,80FGVG5EPT85DNSEZ
GMZZE49WW4FL18JM9,Subaru,LEGACY,6671495,2022,Полный,Механическая,5141198386302,6C6F8S1N7K8LZ61NC
VNNWH4UNDYFA81L0B,Hyundai,ACCENT,5250131,2001,Полный,Механическая,5175335153659,L6AW3DB6EACE01HAW
E2Z24FX5FFGT54M65,Mercedes-Benz,AMG GT R,3649738,2021,Передний,Механическая,5166254904514,42727MACXVJP6X6G9
MYLDXT6VZ6HTALXG9,Mercedes-Benz,CLA,9091634,2019,Передний,Автоматическая,1108959346572,S17YYDJHUD0HWY48W
UCKEML6DPYXU53XP7,Nissan,NOTE NISMO,8401969,2018,Полный,Автоматическая,5027653188569,RRTBA3L3YB5SCY3BW
7GFDJ85CNY5PV2GSK,Mitsubishi,OUTLANDER,6251301,2009,Полный,Автоматическая,5027653188569,KKPSTU6N7TUKM3A68
SNRXK1R7TR5HCZ5AK,Mitsubishi,LANCER,2698950,2021,Полный,Автоматическая,1162380840600,1B9PSE5JSCT5CN9V4
KNFE98267P57ERZ96,Mazda,2,4890396,2016,Передний,Автоматическая,5063150553626,Y9PMPEDHVWACMS9HG
V2B6D00X5Z5FT65ZA,Lexus,LS,5741907,2011,Задний,Механическая,1188050533813,R7TB5PD5SX9E519L5
9HUTD7NL56GDWAN8P,Infiniti,EX,9910290,2010,Задний,Автоматическая,1026153608436,CDLDVCEAX8JBLH1K5
1SFD2FT0AW4D02SWZ,Subaru,JUSTY,7589994,2008,Задний,Механическая,5092586784880,FUF8B5FLNXWYKK8LY
1BG1UE56P4ZPPBW49,Mercedes-Benz,S-CLASS,5218306,1998,Задний,Автоматическая,1158444470722,T4FTNBVRCC11U5D0A
04LS0DTU30T87VZK2,Honda,FIT,1325325,2021,Полный,Автоматическая,5150667833861,VNNWH4UNDYFA81L0B
7NBW0BN9ZZ15C8Z1T,Honda,CIVIC TYPE R,3881523,2017,Полный,Автоматическая,5026150093240,42SAJMT82SUS54CPS
WLJMP8A58X9KGSMDG,Lamborghini,GALLARDO,6061325,2022,Полный,Автоматическая,5194219330960,LCSBZ9M16D1329MTD
YAAGU5GC4GNY7P9JA,Toyota,VERSO,8778860,2020,Полный,Автоматическая,5077275682226,S8RX8U2GKJM97NM0B
5PX8S638WHPJ6P9RX,Infiniti,Q30,9390607,2017,Задний,Механическая,5165162681514,WU98XG76CVX0XXXY5
YEE01F0ARLSUAWD37,LADA,2107,8824315,2022,Полный,Механическая,1062053142854,LDAK0PXTWNYUV5Z77
ADV4B1WZK8BWU9H9J,LADA,2107,6382603,2002,Полный,Автоматическая,1024234409726,5PX8S638WHPJ6P9RX
4B7VUD19G1UVE16AJ,Infiniti,Q70,1699500,2021,Полный,Механическая,5156090174060,S53PV1A84VDD5ZX3Z
E63EZM8TJHZD0R1HL,Subaru,IMPREZA XV,6445742,2011,Полный,Автоматическая,5012600046421,JBH26AJ43CESHRLLN
KXH8HUCYBJR107RH0,BMW,X1,730620,2012,Передний,Механическая,5228801534319,YAAGU5GC4GNY7P9JA
XUDF9UHFRX2V2YDKV,BMW,X3,7806498,2013,Передний,Механическая,1057902381030,FS0RUTLMFLW08D8FD
GLAAZ7BCE0DP8361Y,Lexus,IS,2237490,2020,Задний,Механическая,5107864160278,Y1Y25CKT1XHL9NTLS
PNUBZTDTYHMWD382E,Toyota,YARIS,9700437,2017,Передний,Механическая,5110596921001,A390A54DPWT93E60V
BKB05LJVCYMAAV6W1,BMW,X3,7596879,2008,Задний,Механическая,5026146742045,UF1GAEG537A2N08RR
EYUX8MNJ46AGNS1E6,Subaru,WRX,7060083,2020,Передний,Механическая,5226829311385,80NMC5Y70UEZ7YPG6
S0JFYK13MY1KKYL6T,Mitsubishi,OUTLANDER XL,6688207,2011,Задний,Механическая,5026146742045,PM8ACHCF7YNREGKUD
Z41AHMJARY5AEA4UD,BMW,X2,8815960,2022,Полный,Автоматическая,1066362701448,B495B19VG0LGTG109
J1JZDTLDRCP6LYR3B,Nissan,XMOTION,5252950,2018,Передний,Механическая,5218498009220,ADV4B1WZK8BWU9H9J
CXFB6T0NMWX6A6E9B,BMW,4 SERIES GRAN COUPE,2073367,2022,Полный,Автоматическая,5195656329149,X31W6RE6DP7C24AUK
PVSGZHJDTSP7G33YY,Nissan,GT-R,2711335,2018,Передний,Автоматическая,5062788374941,KKPSTU6N7TUKM3A68
22BLXEDMEMLWPB12U,Hyundai,IONIQ,3445409,2019,Передний,Автоматическая,5091562781680,UDLXYUGFWJC2KP1YB
DG9C0ANAP1J3P8HPR,Mazda,2,8423075,2014,Задний,Механическая,1088328958310,UCKEML6DPYXU53XP7
GE0USK3Z2TVZMBMF8,Mazda,MX-5,4929137,2014,Передний,Механическая,5131872141715,N4HCE2AJ4SH83GW4F
UC8319J3KE7D4PY8W,Mazda,MX-30,978843,2022,Задний,Автоматическая,5066207505161,L4X13ZYUWXF346CF0
33L1F6VLSN48KYULF,Hyundai,GENESIS COUPE,3050096,2019,Задний,Механическая,1147238967952,BTE4K0UMH1JTT6N0C
891KNE0153XFKVVKV,Mazda,MX-5,5941817,2005,Задний,Автоматическая,1140761089248,KNFE98267P57ERZ96
RYK3TZ45ZYKYUC62H,Jaguar,XJ,8312216,2022,Полный,Автоматическая,5156204913783,LXR6KG55S7H13KS61
71YFYP5WNJDPVA6XA,LADA,LARGUS CROSS,9520914,2014,Полный,Автоматическая,5115479226957,6B7PYS3G7C8U368A0
LCLRRKEMMDLLY3JAR,Toyota,GT 86,7012565,2012,Задний,Автоматическая,5030590957073,A0L9J39UYFCMXVWPV
KRKR285ZAZL3PPY2V,Lamborghini,GALLARDO LP 560-4 SPYDER,9280606,2015,Передний,Механическая,1057088834857,1WC8XGLT0KPBM4Z45
3K00T3AJWUW34ZT15,Hyundai,NF SONATA,3430423,2004,Задний,Автоматическая,5228801534319,0RA116Z4UAPRCCEX2
AU12H2KKP6PD7WB64,Mitsubishi,PAJERO,8874525,2006,Задний,Механическая,1068029315661,CM8LDNXLYHG88X6AP
T5HZ6J6H6A7MZNWRY,KIA,NIRO,4606804,2022,Полный,Механическая,1213730806046,GMAHK4KGESY4UM9K2
BK9YM0S71KXWLK3W7,Nissan,TIIDA,5705084,2007,Полный,Механическая,5198464839095,TNYTZFJ292YF06N2Z
7ZYFSDAU2W7VCYT5B,Mazda,MX-30,1697432,2022,Передний,Механическая,1033080465714,LCSBZ9M16D1329MTD
LXUNVGUVDFSF1LNFH,LADA,XRAY,9546456,2018,Полный,Автоматическая,5198464839095,AYKR2BU6682GP60UR
6Z01FTFH14PYYTAGR,Hyundai,IX55,675355,2010,Полный,Автоматическая,5066228942820,50XBGFBAE6P3LWM2M
PN3XAAM26R9U74PEF,Hyundai,GENESIS COUPE,4534831,2015,Задний,Автоматическая,5030837057862,80FGVG5EPT85DNSEZ
21ERWEZ0D9LDDWEY9,Honda,VEZEL,6402201,2014,Полный,Автоматическая,1018679169409,NCZ3BLD6TYLDRBSGS
WC7PDSW6S15M3445V,Nissan,KICKS,6310863,2017,Задний,Механическая,1011210055746,2PZ044YCWRZB7M9E0
C4PCERG2K6VP7CXSW,Honda,CIVIC TYPE R,3217815,2015,Полный,Механическая,1164188243966,UNWZYZRHGY6175B83
KWCGN7TLPVLXHN9BC,Hyundai,GRAND SANTA FE,970510,2019,Задний,Автоматическая,5178449762926,JXHXLDBKLHPRRTXK2
CDATR5JTHYDJG13CF,Subaru,LEGACY,1719438,2014,Передний,Автоматическая,1054108458227,NXVHYYESP2TXG936E
59ELG5DNV852GTFZA,BMW,8 SERIES,7253221,2020,Передний,Автоматическая,1020912520342,TRB0RWN0SF161SX0C
HMEMT9PAHEH1929KS,Nissan,QASHQAI2,2197703,2019,Передний,Механическая,1068819420174,7JD1BLGTT186T1ZRV
36V2HA7N15CENC4FA,Infiniti,M,709053,2011,Передний,Автоматическая,1065132029247,GPKCF0LC6SGY1N2W3
YRD0UF8SHV8RL31YC,Jaguar,XK,3972091,2011,Передний,Автоматическая,5167114611439,CBHK21WCYNFZHEV2N
8C7NVDNBF59NVU7YP,Mitsubishi,GRANDIS,5366944,2010,Передний,Механическая,1062957932014,KY987GXF709B521NZ
C4TVR3U1DCZTS8M3P,BMW,Z4,7142809,2020,Полный,Механическая,5025092775681,V3JW9VJ8303F5EW0D
6FUJJCGKX5H69PBT6,Jaguar,XF,2662846,2008,Передний,Механическая,1207319655289,K5FD4DNGA1P2FZ8KH
CU4N7ULL180GNVJ81,Mitsubishi,I-MIEV,6006647,2013,Передний,Автоматическая,5218149055340,NJBE652L2LZUZX4RD
9A5LF715856D4WXR8,KIA,VENGA,1491616,2012,Полный,Автоматическая,1038128201143,93ULDFTM73ZLLFTM1
DV4AMYLXYT8BT9SYR,Jaguar,I-PACE,5018665,2019,Полный,Механическая,5111157686976,2Z2SRX4L7606WMTB5
S9PECMLVJYPZ6C3AR,BMW,M3,2513292,2005,Передний,Механическая,5081161381263,17YVP9PTM37U05WZD
WS5025P35RJJ60ADS,Mercedes-Benz,E-CLASS ALL-TERRAIN,4660307,2019,Передний,Автоматическая,5089185613578,B2XB16NMJ50WMUNH9
V46UYYA81GASECPNS,LADA,XRAY,5657212,2020,Передний,Автоматическая,5062491064422,891KNE0153XFKVVKV
8BJTVSSU4NG5RMWML,Nissan,MAXIMA,6257977,2017,Полный,Механическая,5082946039633,Y0F0XPRSVDZFWT07K
UJKY2TU209N2YP7X2,Mazda,MX-30,6920102,2022,Передний,Механическая,1128059780012,TW8VAN8KKF1UJE021
2UG7PYXU5ZJRN497F,KIA,VENGA,4434557,2011,Задний,Механическая,1101405446977,6TUDHWVA72GYBAPDK
0CL2BRW62UPJ7TFU6,Jaguar,XKR,8810897,2006,Задний,Механическая,1082220285223,E052E6HYPHY1SKWX5
0AGATR4086R25Y6RM,LADA,PRIORA,5887322,2012,Полный,Механическая,5027653188569,NL7V6N0Z15Y201E4S
WWPCEWEW9N1M44559,KIA,K5,1303423,2022,Полный,Автоматическая,1194356683861,CW66LD5CHFP7N0XYU
V9ENMD602DPJ1H7P5,Honda,FR-V,4183395,2009,Задний,Механическая,1141283829730,SS9EVBY82WZ834TFV
T1M6ZT45UYUY4UXCY,Infiniti,M,9541140,2007,Задний,Механическая,1217727524992,35CHUPA5HWAX2V4NJ
748AS3CLY4NTA5XG8,Mitsubishi,PAJERO SPORT,4632991,2020,Передний,Механическая,5067448702041,217SCRCD558SP0KH9
Y1HDJVG4NKCL514YU,Mitsubishi,ATTRAGE,3944636,2019,Передний,Механическая,1138420817028,BKB05LJVCYMAAV6W1
LZPUV7DD63HEG0C7B,LADA,GRANTA CROSS,3246349,2020,Задний,Автоматическая,5030837057862,33L1F6VLSN48KYULF
8ESEALUR595UGY2HU,Lexus,RX F-SPORT,7076581,2020,Полный,Механическая,1174283757592,64D61FMR272NDHW58
LVC3T1A1N4HEMRXT1,Subaru,JUSTY,5217573,2010,Задний,Автоматическая,5135168434264,91JG1ESDUFJH8FGU6
8BHZ3NSB7NUY55C5V,BMW,4 SERIES,9650572,2016,Передний,Автоматическая,1030532185420,Y5E0PJWFXCFT42EJG
YGTH3YAFVE8CTAVNN,Honda,FIT,4625451,2019,Передний,Автоматическая,5089201789727,2RRGD0PJ7ZLBKLF38
VZF0GJWL1YLTF73BY,Toyota,YARIS CROSS,7400087,2021,Полный,Механическая,5115175151812,3TSNTWXNP7E0G0L9E
HZ8B8XLFHRPX84VW5,LADA,GRANTA CROSS,7664351,2019,Задний,Автоматическая,1188937379400,R80P6PJDFGMYT4HA0
MLW2HP529BNRZ8PDM,Honda,HR-V,6002298,2022,Задний,Автоматическая,5091454285270,AYKR2BU6682GP60UR
3KHXN85U0GVALY8MF,KIA,TELLURIDE,7114705,2021,Полный,Автоматическая,1060678928760,P5712UVDERUWL2LD4
15Y1EYYWJ4C4ZMZJX,Jaguar,XFR-S,3356599,2019,Полный,Автоматическая,5128663001440,PVSGZHJDTSP7G33YY
H12N44GK7MKCCELWA,Subaru,TREZIA,5096244,2011,Задний,Автоматическая,1035363251472,2E87HL6D18BFKBRD1
AFMBG5LFCK0Z0VBBL,Mitsubishi,PAJERO SPORT,3100772,2012,Полный,Механическая,1055744944970,Z8LXE6HUYF0V35JB4
9X0HMF46X38MC0JSB,Nissan,QASHQAI,5711215,2007,Передний,Автоматическая,5176882564249,ZJKYZS6Z89YBFL6VU
X7SDV68AEUBCG8WUD,Honda,PASSPORT,7670139,2020,Передний,Механическая,1088618025517,7J7K5ER9KKZME9AUV
YHSPPM5RPGEPBKX8S,Hyundai,GRANDEUR,5329698,2008,Задний,Автоматическая,5089185613578,GTBR77Z4Y4XKNYPBG
S9NN15ZXWD3576YP1,Lexus,LS,8463909,2007,Задний,Механическая,5025092775681,NXBYPTDAAV9UB42X7
98GJTDC1JMY48HW4V,Jaguar,E-PACE,3706449,2018,Полный,Механическая,5046196322244,0R1Z8ST33B62K4HBK
AT5U1HELC9CGDDKLN,LADA,VESTA SPORT,7756875,2019,Передний,Механическая,5065429301625,KKPSTU6N7TUKM3A68
S3VC4W9WA8U8ZX56S,Toyota,LAND CRUISER PRADO,978317,2010,Передний,Автоматическая,1044671797631,HCYZTWNK2TJE28TYH
7C3V9VYCW1JRV6DUK,KIA,OPIRUS,8132616,2010,Полный,Механическая,1090456480641,JBH26AJ43CESHRLLN
RV5GHRJRR9TEAXCSV,Lamborghini,GALLARDO,4792264,2022,Передний,Механическая,5141198386302,6ZV1U3HSLDGZL2C8M
HEA5EGEG2CH1AYRT3,Lexus,RX F-SPORT,3771629,2020,Полный,Механическая,1103646010610,3SMTDE5AWJTPM3951
NM6M639L8WGLBNZ57,Subaru,XV,5640371,2012,Полный,Автоматическая,1030532185420,ED6AAAPED2VB4LJ3B
NAUL32NJMD4D7WL2F,Lamborghini,CENTENARIO,9984367,2020,Передний,Механическая,5060344339358,FBW3X8W8G421AYH7R
4PR26P6YRUL2GX2UY,KIA,XCEED,4248581,2020,Передний,Автоматическая,5025542996111,80NMC5Y70UEZ7YPG6
SX561X198RRWRWJV0,Jaguar,F-PACE,3307987,2017,Полный,Автоматическая,5046845684056,77YZCXDN4DVYB5PWE
3VZ7WKS4AKZLXK1JJ,Honda,JAZZ,2761410,2022,Полный,Автоматическая,1229182252936,UFCC8P2HDKRJK0F83
MG56WG2DU1EXBZFTW,Hyundai,I30,8324760,2016,Полный,Автоматическая,1156360586843,93ULDFTM73ZLLFTM1
CZ03L5DXWJFVVVCLH,KIA,XCEED,9856828,2022,Задний,Механическая,5018036779085,JBH26AJ43CESHRLLN
XVWPUDVFP3UK0SLL2,Toyota,YARIS,8356775,2016,Задний,Механическая,1102192346673,S47M4JHR52N5B4G0U
LCJ7K82XJM5MMFH36,BMW,X3,4414681,2018,Задний,Автоматическая,5213892996532,MC7J2W44AXMC40MH0
HAY3K5006CVPASKL0,Infiniti,QX55,2023988,2022,Передний,Механическая,5121646614821,DNB5FK12FLCXYYGWH
HN2NW9GKBHP8SKK4D,Mercedes-Benz,AMG GT,2541981,2019,Полный,Автоматическая,5191204328420,NM6M639L8WGLBNZ57
C2G9T7NY9HP8UTFE8,BMW,2 SERIES GRAN COUPE,8861284,2021,Передний,Автоматическая,5199231473865,XLE3WSRB8ZMW5WVU3
J2YZCNZ2FSJP3EXEB,Lexus,UX,5942380,2019,Задний,Механическая,1207192528212,36V2HA7N15CENC4FA
HRDXTJPFW7TPNPV9N,Honda,VEZEL,7365105,2015,Передний,Механическая,5155514723920,7559CULY42TRNJT72
KY7Z3NLNYR15X6J6D,Mazda,CX-3,7865490,2015,Полный,Механическая,5161463706014,Z0L8V78RKA80B3B2J
281CJUPZHVXEP6B6B,Nissan,ALMERA,5663113,2005,Задний,Механическая,5084693279810,LKW89TMWB0A8C708Y
6ACMFDP7RG7P7DL05,Subaru,IMPREZA XV,8337273,2010,Задний,Автоматическая,1017516032775,K89N6ACX19H24SLYB
U9NDV5FELEZKUHA5C,Honda,INSIGHT,5234619,2018,Полный,Автоматическая,1158444470722,PN3XAAM26R9U74PEF
46TM680XGUFDYSYLE,Lamborghini,HURACAN PERFORMANTE SPYDER,2695972,2022,Задний,Механическая,5147184594090,07TJSUSU3ZANBKBR5
GWCTWJY9JLJ52UU9Z,Lexus,LFA,4462475,2010,Задний,Автоматическая,1055934485991,E63EZM8TJHZD0R1HL
R0BJXHJN21PBERH35,KIA,CARENS,9208996,2014,Передний,Механическая,5163767357309,C49J5CT5UX5KZR9PK
XGZFB98HYW0YN9F3H,Infiniti,QX80,6599700,2016,Полный,Механическая,1094486731151,8US1TPWFYSZHU2SUG
SP25V1YD82P11U1U4,Nissan,PULSAR,6385413,2015,Передний,Автоматическая,5172973801138,6FAYXXUEUXDCU6BT2
WSJH5WS7R984RZ9LD,KIA,CADENZA,4210920,2018,Полный,Механическая,1225635242250,V3JW9VJ8303F5EW0D
6CLPTU4XSWCSBRZ47,BMW,8 SERIES,3177953,2019,Передний,Автоматическая,5055452467659,1BG1UE56P4ZPPBW49
6067UFEG29RDAAJ03,Mercedes-Benz,C-CLASS CABRIO,7577825,2022,Полный,Автоматическая,5055720609225,EWRR04RA1PTYCPCL0
J72ZJW6XMFDH40P84,Hyundai,MATRIX,5804379,2010,Передний,Автоматическая,5040839647206,77YZCXDN4DVYB5PWE
HFTZG0P9747JG9TEA,Hyundai,ACCENT,911754,2000,Задний,Механическая,1158741974940,C4PCERG2K6VP7CXSW
3SXTNRPJAZM79GH8R,Mazda,TRIBUTE,5481496,2007,Полный,Автоматическая,1024234409726,MHM6MSYE6PJK4K4RM
EXK8L82A57SHHRZ6V,LADA,XRAY CROSS,6375360,2022,Передний,Автоматическая,5012616908926,CM8LDNXLYHG88X6AP
LM96HD0S1Y113ZY5G,Mazda,CX-3,2366774,2015,Задний,Механическая,1091784775620,W76HVNGVCFPJSV40E
H0GLEG34ASE060ESN,Hyundai,I30,2048437,2016,Полный,Автоматическая,1033363003607,5H8J7FHH8FKDYBDY8
HAGBHS3V8CVPRB43R,Toyota,HIGHLANDER,9405750,2014,Задний,Автоматическая,5038146674880,XAJF3VKV8ETTED7N4
CXWK4DPRHZJ9BJX9N,Nissan,ALMERA,8608619,1998,Задний,Механическая,5115652631177,HDDR0DDYXUG5M4K2A
WX8FTL01DD7W02X9V,Nissan,PATROL,3104916,2010,Задний,Механическая,1122375015575,7NBW0BN9ZZ15C8Z1T
DSY2MK1RBDW839W8N,Mazda,CX-4,8774116,2020,Полный,Механическая,1021570801119,9T72SJGBWHHJ1T3G1
X7GAPWNDJXLRKKYYE,Mazda,3,8461126,2012,Задний,Механическая,5154293402929,TWCZXA8CK08X30FM4
KLUU573Z4YX577B5U,BMW,4 SERIES GRAN COUPE,9622220,2022,Передний,Механическая,1218334619931,XXN6GBXRMT4TFPN2T
3BFBF5KNLLAVHWG6Z,Infiniti,QX80,5853169,2018,Полный,Автоматическая,5140560012038,T6X67UFBP2Z52UP5A
6BDWXGLSPBB1SHTMH,Hyundai,KONA,5146133,2020,Задний,Механическая,1212150663350,HSVJRPD5SGSXWX49C
15TLBWUGCM9WC75GW,Infiniti,QX80,8969592,2017,Задний,Автоматическая,1010676217793,CDATR5JTHYDJG13CF
FLVC95HTKAGK6SRBF,Mazda,BT-50,8149920,2017,Полный,Механическая,1136528951350,9A5LF715856D4WXR8
A7X36L2W65P6LRPCJ,Infiniti,Q30,6191463,2017,Задний,Автоматическая,1137448704799,4GEB2HRSWR6LEX6RL
FLYG1DKTJFTUHS7E6,Jaguar,XFR-S,1886294,2016,Задний,Механическая,1062328977303,74JYX3NW8W4W3C0V1
LCPSFFTSA96DFVPWC,Honda,FIT,3680610,2018,Полный,Автоматическая,5052861111089,N1FXSSPRNED9MEPWN
LAM12H0VUDTPK3S8E,Mazda,BT-50,6267289,2017,Полный,Автоматическая,1128453003227,7UNE591K4DSTDBDCW
1V3B45T38G3KCGV1D,LADA,VESTA CROSS,4350056,2018,Задний,Механическая,1195254469618,T5HZ6J6H6A7MZNWRY
79YTNPY12L19Y5N5Y,Nissan,ARIYA,7810590,2021,Передний,Механическая,1134840135770,NM6M639L8WGLBNZ57
89CZWY0MWXDNGB2K6,Infiniti,QX56,3796191,2009,Полный,Механическая,5197226968329,7F2K21CBTZGMN93N0
1K8W5HXKJ7EFEJ7Z7,Lamborghini,MURCIELAGO SV,8590745,2010,Задний,Автоматическая,5136974888210,4H0BDHRVG6J0DBSGZ
3PXZ7HCD9SDXJF0KJ,Lamborghini,VENENO,1797185,2013,Полный,Автоматическая,1062211579000,8US1TPWFYSZHU2SUG
FF4B0H4XBV87G7U8L,Hyundai,IX55,7707069,2010,Передний,Механическая,5113208238732,05AD21VPFU7LA4T7C
X2JCSEJW1BPBXGVUM,Mitsubishi,ATTRAGE,3998870,2013,Полный,Автоматическая,1190375376290,ZR82YM6JCBSXG7KYS
AXVEUAYCUM5U1ZPVC,Subaru,LEGACY,6379819,2012,Полный,Механическая,5156861147702,69Y5RG72BK357D3ME
96W5W7NUB7KSC55EK,KIA,K2 CROSS,9333289,2017,Полный,Автоматическая,1161854840278,GTY7841WD2P92DCN3
0D19J0WMHM9P5YZCK,Infiniti,Q60,8617219,2018,Задний,Автоматическая,1031379789847,Z41AHMJARY5AEA4UD
DUVU8D1FP7T4219TA,Jaguar,XKR,4455807,2006,Передний,Механическая,1068726195350,U3PZTJ3FJ1WHCZUEE
CBMW7VCWASVVL555Y,Jaguar,I-PACE,7055087,2016,Задний,Автоматическая,1184075200011,38SNL8M0167MF1TZ0
K2YEU0XALEMJNWZ56,Hyundai,I30,2630209,2008,Полный,Механическая,1166523224780,MGUVB0YDNNUMEH69F
NL06KY7UD0LE6WBNX,BMW,X6,9790239,2017,Полный,Механическая,1117361482040,LHDYFVJHT4FPBN8UY
1NL2ESW6JVN49G2FG,Nissan,PULSAR,7317641,2022,Задний,Автоматическая,5022585648102,HAY3K5006CVPASKL0
HLTVTCYTWE31BNLWC,Toyota,CELICA,4896890,2006,Передний,Автоматическая,5070416856032,GWCTWJY9JLJ52UU9Z
FRH7UYWFBBHDGHHH4,Lexus,UX,1698264,2022,Задний,Механическая,1105503300110,S9PECMLVJYPZ6C3AR
7KDS41ZJA3KH8CFDV,Subaru,OUTBACK,2221179,2013,Полный,Механическая,5123322723068,MPUMW8RALDA58CAPZ
GFNZ01MXUVS05C2B1,Jaguar,XJ,3289936,2004,Задний,Механическая,5228801534319,2DRKA3C2437CLB2HL
GB2LCVXGE6TLRR113,Subaru,IMPREZA WRX STI,1439477,2022,Задний,Автоматическая,5223749594789,R3TE55WPK5KSM081X
NHTL4B4NJX53YCHRS,Mercedes-Benz,G-CLASS AMG,9876990,2006,Передний,Механическая,5104148266646,5W97MBWXKEE3SHXU4
9Y3EN4597NYFFYEKF,KIA,K5,1425857,2021,Передний,Автоматическая,5044506657795,Z4VBBXKVWP5X63X70
2LZ6L2DEXXYDXLFSR,Lexus,GS F,7379189,2021,Задний,Механическая,1195403062249,NSHJ879S2RTL9W6K1
U279J120EA8HA8W8A,BMW,X2,5553906,2016,Задний,Автоматическая,5200781907299,WGBWX9G139JVNL35Z
6ABE0ZHFJWUMHTGCB,Nissan,GT-R NISMO,6813535,2021,Передний,Автоматическая,1113751796784,5PX8S638WHPJ6P9RX
CSHXEVDE3YBABR5DW,KIA,PROCEED,7486523,2013,Передний,Автоматическая,1088618025517,VZF0GJWL1YLTF73BY
L8CK4MRTP7UT21RP9,Nissan,TEANA,1465879,2015,Полный,Автоматическая,1222561228504,E63EZM8TJHZD0R1HL
0M0TUBAPVM2YPKEBD,Mercedes-Benz,SLS AMG ELECTRIC DRIVE,6212600,2013,Передний,Автоматическая,5031325719904,305VDCXU85DM0MEPD
FF6LEHJ36KAZBY03V,Honda,FR-V,4180885,2004,Задний,Автоматическая,5024769058331,1K99VN5DPGKW1597J
A17AB89ZFBUV7725M,Hyundai,IX35,2930428,2012,Передний,Автоматическая,5085378132296,BC1KVFRKV0FP08EV4
7PH4GU6CJCVA9FA5H,Mazda,6,1743471,2003,Полный,Автоматическая,5224572930170,AFMBG5LFCK0Z0VBBL
2YW48WGLXLRWYP6VW,Hyundai,VENUE,6250619,2021,Задний,Механическая,1082333498598,P5712UVDERUWL2LD4
KDCCMB0TCRW4S1R42,KIA,SORENTO,5301771,2015,Передний,Механическая,5072949260160,M0HNRAWGU61N98M48
CHRY9BKRPDVCYS55F,Honda,VEZEL,5234978,2017,Передний,Механическая,1107584283487,M5DHG7XFSA4PYA7CU
X3AS5DDBS1KMZ1C66,Hyundai,VENUE,9506468,2020,Полный,Механическая,5205857286300,BTE4K0UMH1JTT6N0C
L4YN7TFJV67UPBGN5,Lamborghini,GALLARDO LP 570-4 SQUADRA CORSE,9124829,2016,Передний,Механическая,1195636447490,22A7A24THK3PR2CMV
K2T7FFZMBLN9DD02Y,Mazda,MPV,3907026,2014,Полный,Автоматическая,5196534021558,BRG0MZN58CA4S9GTR
UWHF8PEHZMENY1NFF,Infiniti,QX55,8323039,2022,Передний,Механическая,5166254904514,AFMBG5LFCK0Z0VBBL
JNTMK28Y6MJ4738R0,Jaguar,XFR-S,9486035,2021,Задний,Автоматическая,5213892996532,XJMEYT8FZLY9ALX75
W7C19VES63KJWCC54,Subaru,IMPREZA,4013122,2003,Задний,Автоматическая,5102981782602,X7GAPWNDJXLRKKYYE
7SAH615Y0G7PS4423,LADA,GRANTA,5469449,2015,Полный,Автоматическая,5216122679735,8RD06NX1XCLELZ09M
ATX91ZPA0ZFNY1XU4,Hyundai,I40,5128961,2017,Задний,Механическая,5029068545700,S0JFYK13MY1KKYL6T
YECMGM3N5FZJZ3N04,Subaru,IMPREZA,8581977,2019,Передний,Автоматическая,1161698796159,5E0BV8N9RCFT3NN9T
Z7ECZG0UFD58XB2DS,Nissan,NOTE NISMO,2974797,2019,Задний,Автоматическая,1102192346673,GTBR77Z4Y4XKNYPBG
UW7B1A8N6PVS9EALH,Toyota,GT 86,7646322,2013,Полный,Автоматическая,1199144649560,0P2KHKN84A52J0YTF
FRJSNN53FTRS9VWC0,BMW,2 SERIES GRAN COUPE,6127961,2020,Полный,Автоматическая,1088507166681,0GW7JMFDAAPT1B1AM
BKJ4YTVVHSVW1JMYJ,Nissan,MURANO,656953,2004,Передний,Механическая,5115620724995,TTPMURRZW1W73LCBJ
0H3RKJVG4CB17BCNS,Toyota,4RUNNER,9698181,2020,Передний,Механическая,5203001180630,57CGJE3RVCC17518G
EBU007LRW8KK72D3P,KIA,STINGER,2688884,2021,Задний,Механическая,1035201726295,NFPC9NPDD2J5DV601
1B7XNH49GH4JVTY5P,Mitsubishi,L200,9658195,2021,Полный,Автоматическая,1065763400174,2LWJ20CJRWEB6PPB8
AL0JWG3KH1MG3E9P6,KIA,PROCEED,509223,2014,Полный,Автоматическая,1111375490280,E7Z7EVPS0CAFY1LYD
4AVCKU81GFDDNBEST,Honda,FR-V,6921748,2008,Передний,Механическая,1147978741635,S53PV1A84VDD5ZX3Z
C28WHVS3JRBU0UTTT,Jaguar,XK,2817198,2012,Задний,Автоматическая,5202330781989,1V3B45T38G3KCGV1D
WH1CHCB57RU7UH87W,Subaru,FORESTER,4508225,2018,Передний,Механическая,1028831028115,WMZLESL92JB29SVFJ
RLHR1V86402XBP2GK,Toyota,HIACE,8949272,2011,Задний,Механическая,5169167484888,K2YEU0XALEMJNWZ56
FA7KYS6DW2ZFND4P7,LADA,GRANTA SPORT,569553,2021,Передний,Автоматическая,1055447102204,5H8J7FHH8FKDYBDY8
4PR4V9R7K99P12LPN,Mercedes-Benz,E-CLASS,2126466,2006,Передний,Автоматическая,5052291646260,5W97MBWXKEE3SHXU4
CRH9PAEGBAJ2ZX66A,Mitsubishi,LANCER EVOLUTION,3722879,2009,Задний,Механическая,1138420817028,LG01KP7AXR568MZFF
ADD6SBZB12K34S40F,KIA,CERATO,5642084,2004,Полный,Механическая,1218334619931,HRF8WJYY4EXK8WEPF
NJZCR5F1ZT0ZYBZZA,Mitsubishi,PAJERO SPORT,1754083,2022,Полный,Механическая,1015291433948,1VPM5R3NNP7EXZ2XZ
2ND24PDPX6ZY09STU,Lexus,GS,5319525,1998,Полный,Механическая,1140282938685,HC7XTDF05ZCH1MWK3
9R78T9DBR8DG6M1WB,Mitsubishi,GALANT,2026350,2007,Полный,Механическая,5082946039633,8US1TPWFYSZHU2SUG
2GPAGXMPNPP3TVY5Z,Infiniti,Q50,7384279,2021,Полный,Автоматическая,1133660953898,TG9ZL1W5BBBUVWTJK
0N8L4ZHG1RFHZNBU0,Mazda,3MPS,8859969,2006,Передний,Механическая,5063446615337,3SMTDE5AWJTPM3951
1030H2N6EREE6HU0C,BMW,X3,7282717,2019,Задний,Механическая,5072949260160,M1AJESV9LXE3P15BP
KGP0URMYYGL7920D1,Nissan,TEANA,5411436,2017,Полный,Автоматическая,1227246968860,D15MEW3RJJ3H9XNBL
M13H56Z5YRWPPYENU,KIA,SELTOS,8796237,2022,Полный,Механическая,5020323207471,3BFBF5KNLLAVHWG6Z
NNAVBYVSLAZ9PF2PK,Mitsubishi,PAJERO SPORT,8172118,2018,Полный,Механическая,5067448702041,3TSNTWXNP7E0G0L9E
GWU7ULWCXFKY7K3E5,Honda,CROSSTOUR,3995319,2017,Задний,Механическая,1038128201143,LXR6KG55S7H13KS61
P4M6RLP5W3YA9WLRG,Infiniti,M,821547,2013,Задний,Автоматическая,1173786767263,WMZLESL92JB29SVFJ
Z0S8D8MFN4UVZCT34,Subaru,WRX,3133128,2016,Передний,Автоматическая,1119199705371,8DGV0JE2V1XSBXY42
2V1S8JYZLZ3LH2BBK,Infiniti,M,4198171,2017,Полный,Механическая,1065132029247,4H0BDHRVG6J0DBSGZ
ZLLN043YPW8DEBHNU,Mazda,BT-50,4881993,2015,Задний,Автоматическая,1011406706464,GLAAZ7BCE0DP8361Y
W6V2V3WS87MYCXJ2T,Toyota,CROWN,3786803,2015,Передний,Автоматическая,5218755445673,UL5CS0VSLG8Z4KWEA
Z57JK039P235KUR8F,Nissan,PULSAR,6943069,2022,Передний,Механическая,5023979299295,6JUUBKKVJ8SPLT4M4
F2ZMNCF1L5HH9VX0X,Nissan,NAVARA,5216626,2021,Полный,Автоматическая,5089193268600,0J1H9D6NCZL80WXZH
LRW3799PMM3VN2SBJ,Jaguar,XF,9401678,2019,Полный,Механическая,1083424511830,U7X4S10B2R6K08RWW
CWULA0UMSN1WHRRZX,Mercedes-Benz,GLA-CLASS,1671852,2022,Задний,Автоматическая,1161445083436,EWRR04RA1PTYCPCL0
7PJC3T3FCY2Z44FC5,BMW,5 SERIES GT,3334584,2020,Задний,Механическая,1021570801119,74JYX3NW8W4W3C0V1
ZT9YP8FJJGH3CB246,Jaguar,XF,7708985,2016,Передний,Механическая,1118437598454,HLTVTCYTWE31BNLWC
U6MKTU7BS4RZT80UD,Honda,FR-V,4941974,2007,Передний,Механическая,1148431503670,T1M6ZT45UYUY4UXCY
86CXPTS9NWSPTBDRU,Toyota,COROLLA,5617008,2019,Передний,Механическая,1166523224780,LCSBZ9M16D1329MTD
XXRC9RKCKFNT53UTV,Toyota,FJ CRUISER,5111614,2011,Передний,Механическая,1131663328136,U3PZTJ3FJ1WHCZUEE
KLWAKMYJP6N82496V,Mitsubishi,GALANT,7759271,1997,Задний,Механическая,5134323257943,P0VBSESZBXAYWM5Z5
EB3LP41SARJEMJHMF,Mitsubishi,ATTRAGE,2370792,2013,Передний,Автоматическая,5137892323608,D41T7CP49ZBPVCE8W
DCNTJ1XK2G28APHAJ,Toyota,ALPHARD,3630272,2021,Передний,Автоматическая,1211170111789,Y7A8637LXU6LV448A
D1JTSYF0BL63UC5SF,Hyundai,TERRACAN,2730525,2013,Задний,Механическая,5025433255030,7UNE591K4DSTDBDCW
F6G94A8H8KXKYLFCJ,Subaru,TREZIA,9913875,2013,Задний,Механическая,5148745977221,XW2PW6G2059SXXDYJ
VMF1TH51RBTF3HVNN,Lamborghini,GALLARDO LP 570-4 SUPERLEGGERA,4188620,2007,Передний,Механическая,1160926067147,2WYDT66733P6MW0YE
0LT76M59MNNWT8P9R,Jaguar,XJ,7931826,2007,Передний,Автоматическая,5020220256216,UCKEML6DPYXU53XP7
K5VNNA1U758HS4WET,Lexus,GS F,7348915,2020,Полный,Автоматическая,5154380533930,PU2NPLH4RRX9S6DXL
7NJFT2EAEC65JN3AC,Infiniti,QX50,7392076,2017,Задний,Автоматическая,5200151454608,GE0USK3Z2TVZMBMF8
3FFW34AEH3G4VJW1N,Mitsubishi,L200,7527559,2019,Полный,Механическая,5072787789993,782CKU4AUB3W4DRD5
7T8UP8GMSHN6YCFTV,Lexus,GS F,9859369,2016,Полный,Механическая,1126234414041,84YE27PC61S664TVU
CY17UK0G75KX408UY,Hyundai,IX20,3211072,2020,Задний,Автоматическая,1117249063865,JMTELH35N685G0SUW
T0TJHL5JG5SZA4DB0,Jaguar,I-PACE,8375529,2019,Задний,Механическая,1186521870380,WKK9V0PGG3HL66H2T
PR8WBXRDTHMMZ02R5,Toyota,SIENTA,2163011,2020,Полный,Механическая,1190375376290,5VH17HTW8TX52V2JA
E537744KEEH4730K9,Hyundai,IONIQ,3734229,2018,Полный,Механическая,5092863420843,0AGATR4086R25Y6RM
WEZH7KGRLU0ZJA2UM,Hyundai,COUPE,9759614,2004,Полный,Механическая,1012457655407,7U07K0RCP3S1F4LUP
AZ60UX8PMXPJ65G04,Hyundai,XCENT,9048463,2018,Передний,Механическая,1030922137707,G6SFY3KU8FADX2AUK
H01KGNATA9WEUAW9P,Jaguar,E-PACE,8117593,2020,Передний,Автоматическая,1161899687652,15TLBWUGCM9WC75GW
NG7K1B9X1V9K3CX1N,BMW,6 SERIES,2681825,2014,Задний,Автоматическая,1034819128739,0LT4B6XWF2E868PVA
TEFKZ6RLETB9D82WH,Toyota,CAMRY,8337972,2011,Полный,Автоматическая,1224028330096,DSY2MK1RBDW839W8N
HCFU5XFUNK2SHZXF5,Honda,CIVIC TYPE R,4101612,2015,Задний,Автоматическая,5113279184882,2KWE54CC5DY9GG556
4PCJHFXJDE1V9U617,Subaru,BRZ,9830706,2021,Передний,Механическая,1167385974260,XAJF3VKV8ETTED7N4
7UKM9GB4EXSMB02CF,Jaguar,XKR,5955194,2010,Задний,Механическая,5047942143167,8CLHEH93GK9FK02SN
ZKJH39KNCVHCXHZD5,Infiniti,Q30,6782524,2016,Задний,Автоматическая,1024427787130,PU2NPLH4RRX9S6DXL
84H4BYKWDMAZA1Y3R,Infiniti,G,4325394,2017,Задний,Автоматическая,5098705742922,63TEBA62B2P1C6LFG
3YJRKZEMU9A61P8E8,Subaru,IMPREZA WRX STI,9401184,2015,Задний,Автоматическая,5226940054974,CM8LDNXLYHG88X6AP
MUHBHS574DE4SSDDY,Nissan,PATROL,7419400,2016,Задний,Механическая,1161445083436,0U5PS0DGWK1RTHC52
7P5ZK6HAWFYKXFWDP,Mitsubishi,PAJERO,5045050,2019,Передний,Механическая,1147527278964,S0JFYK13MY1KKYL6T
FTFD24VGJ9UWAXFWE,Mercedes-Benz,C-CLASS,6988649,2015,Задний,Автоматическая,1035208040229,UFCC8P2HDKRJK0F83
DP378AZDYNX7TS83Z,Mitsubishi,ECLIPSE,8949899,2016,Задний,Механическая,1068734791586,6CLPTU4XSWCSBRZ47
1HS5LCTN8VHM50MTD,Mazda,RX-8,8681096,2008,Полный,Механическая,5059284968078,2GPAGXMPNPP3TVY5Z
FS0ZMT8UXWGH74WB4,Mercedes-Benz,GLS AMG,3264939,2021,Полный,Автоматическая,5020323207471,FJ4KN3PLA5LXEH3PS
3KG46MKJ5HRZ2LMM4,Mitsubishi,GALANT,1948111,2008,Задний,Механическая,1064803769007,NTAYD2WFJA1931F6L
12868FPK6C0PHTLJB,Infiniti,M,2855736,2014,Передний,Механическая,1202067988792,31WU36L43M5VSUPB7
YHW1ZK1RMKC0A5EG8,Hyundai,IX20,9149358,2022,Передний,Механическая,1084872488579,3EUS2NS92BCU8G8ZV
GS7E3PHV9TRA2R4DP,LADA,LARGUS CROSS,4304683,2018,Передний,Механическая,1068888169657,FF4B0H4XBV87G7U8L
6U1B6PKTFDFZ1HJC8,LADA,KALINA NFR,8319819,2020,Задний,Автоматическая,5202984070460,UL5CS0VSLG8Z4KWEA
7S70F2MKFJ2YM4EPS,Subaru,JUSTY,2826110,2010,Передний,Автоматическая,1180323023870,C4HSRZVW175EDZLDE
CJ1EBZLW3NFXWJB1X,Nissan,NOTE NISMO,8462364,2019,Передний,Автоматическая,1211289375791,LAM12H0VUDTPK3S8E
P04CA78NJRRNCK870,KIA,SPECTRA,9626496,2006,Полный,Автоматическая,1066362701448,JADS71225D3A5LPBZ
ZPDMSYZL2TXETFKNT,Nissan,GT-R NISMO,5441594,2019,Передний,Автоматическая,1016537975277,KJ4EXYAMB77R97D5Y
LGNA8ZXADJ9FAVVJY,Nissan,TERRANO,4926681,2022,Полный,Автоматическая,5130365919900,1NL2ESW6JVN49G2FG
AZ3SME08PL2SM8EZW,Honda,CROSSTOUR,6289072,2016,Полный,Механическая,1161224994754,S0JFYK13MY1KKYL6T
KSXP22BWS1ZTVKXNY,Toyota,RAV4,8161845,2022,Передний,Механическая,5163670690926,4AVCKU81GFDDNBEST
8BG8MB81LP8MCA33M,Lexus,RX,9944685,2016,Полный,Автоматическая,1020173781737,DHKXN87X8YC9XHLP4
E0YFAL3ZL6BAG3JJB,BMW,4 SERIES GRAN COUPE,5595608,2017,Передний,Механическая,1207192528212,F2JCTS1KEUDLXDCVD
GUNF4AJ7BEYPUC734,Infiniti,QX50,8624844,2014,Передний,Автоматическая,5073976138671,G3TVJ6LCXRJDDYFJC
57AFCGNCVUP4XBFA8,LADA,KALINA CROSS,7831587,2020,Полный,Автоматическая,5063446615337,SS9EVBY82WZ834TFV
G0NXTG2BX53R9A1NP,Nissan,GT-R NISMO,807573,2019,Передний,Механическая,5032561052970,CECVFHBWK9LV72EBW
X6V3LBCD4E0S0URZR,Mitsubishi,OUTLANDER PHEV,2855295,2019,Полный,Механическая,5121629939789,L6AW3DB6EACE01HAW
B0L0X3AXGG749NWXT,Infiniti,Q60,1199017,2017,Задний,Механическая,1057088834857,GSHV68N3YRB6ZR68L
EZCJRFF7E6PSN1MY9,Jaguar,I-PACE,4868438,2017,Задний,Механическая,5171660498906,X1K7LBT7XYPD3B940
J08ZLRJ8HA709EAG3,BMW,M6 GRAN COUPE,5600637,2020,Задний,Автоматическая,5118918851145,1K8W5HXKJ7EFEJ7Z7
TEA9M7BWMEY5UX38B,LADA,GRANTA CROSS,7754285,2021,Задний,Автоматическая,1199144649560,B0332SPCBDUZTKU9B
L8SZL35T7RGW8MSFM,Mazda,2,9983951,2017,Задний,Механическая,1166798017440,3TE2FC1R8DY7CL8H6
DKS00J7XLKJYUFNPT,Hyundai,MATRIX,4578461,2009,Задний,Автоматическая,5196534021558,2LWJ20CJRWEB6PPB8
AH8VRPXMMEX6U199P,Toyota,VIOS,3601723,2020,Полный,Автоматическая,1168944220455,64D61FMR272NDHW58
D4B6F27GEHKJKW22Z,Mazda,CX-3,6961907,2020,Задний,Механическая,5162528970709,K5FD4DNGA1P2FZ8KH
B8TFEFVE84T4JFZ2F,Lamborghini,GALLARDO LP 570-4 SQUADRA CORSE,1111371,2022,Передний,Механическая,5187190964384,ULTRNF06LUH8H5E8S
1MHRK26YKVKEP507Z,Jaguar,XKR,2512553,2007,Задний,Механическая,5209042835876,W6V2V3WS87MYCXJ2T
67J8GRLCZMTS6SZVN,Honda,CIVIC TYPE R,1508153,2019,Передний,Автоматическая,1226178093382,DHKXN87X8YC9XHLP4
SV42C3P1BFWA4R04W,Mazda,5,2378086,2009,Передний,Механическая,1147220048876,0GW7JMFDAAPT1B1AM
2A53G1RMXKWZUFT00,Mitsubishi,OUTLANDER PHEV,7372770,2014,Задний,Автоматическая,5023979299295,0U5PS0DGWK1RTHC52
B7J82A2RPFM5X4VC0,Toyota,HIGHLANDER,2788015,2022,Задний,Автоматическая,1207319655289,YVEFNWBE63HWAZAAE
U1GYX12CN4SLES30F,LADA,KALINA NFR,1905427,2021,Передний,Автоматическая,1186975751137,N1FXSSPRNED9MEPWN
BLG608SUX24U6AHFP,Mazda,5,6245831,2009,Передний,Автоматическая,5121094750398,PNUBZTDTYHMWD382E
7W4M5JA9M4F241MRS,Mercedes-Benz,GL-CLASS,3789042,2009,Задний,Автоматическая,1041868812666,GJCKY8DJWK8MX87FP
3S579A7A7T12DLUM9,Mitsubishi,LANCER EVOLUTION,558799,2022,Задний,Механическая,1207192528212,3YJRKZEMU9A61P8E8
WLAJ4EF5A4SZ61DE1,LADA,GRANTA CROSS,9444286,2020,Передний,Автоматическая,5201439011857,KSXP22BWS1ZTVKXNY
06FXFM95Y8PMZREPX,Mercedes-Benz,CL-CLASS,4029418,1999,Задний,Механическая,5031240065203,NG7K1B9X1V9K3CX1N
Z69EV7WDA7CB7CD93,Subaru,XV,1677801,2018,Полный,Механическая,5150809394600,LCJ7K82XJM5MMFH36
VTDSPCH4RRKGS9VKZ,Hyundai,VENUE,6041818,2021,Полный,Автоматическая,5107864160278,7NJFT2EAEC65JN3AC
TDSV1BVHDT83AJ1LM,Toyota,CAMRY,6359996,2003,Задний,Автоматическая,5028818250049,APU6MF1KWZN4HMF2M
MRB55W1BYZZRXMDXC,Jaguar,XKR-S,9496676,2022,Полный,Автоматическая,5192058106686,C2V2AXY6AKHA8PEJZ
3PLR090LP5C1GNMFL,KIA,K2 CROSS,7452331,2021,Передний,Механическая,1135529194778,W6V2V3WS87MYCXJ2T
4E7ZGWRLXJKW1XCWT,Toyota,COROLLA,6466315,2013,Задний,Механическая,5096266748166,CBXMYK871K4V3TJNZ
Y5YYD36HVHSHD91FL,KIA,SPORTAGE,5648113,2004,Передний,Механическая,5021910806066,KLWAKMYJP6N82496V
GKSAGBUWUY513A44W,Mercedes-Benz,CITAN,1795139,2019,Передний,Автоматическая,5213627110769,N7FMSJH5P7UJ9ESN8
JS75ENJ32J0BSRH1F,Nissan,LAFESTA,8879476,2007,Передний,Механическая,5179067775002,J2YZCNZ2FSJP3EXEB
KBTV05RCL7G39MEJ9,Honda,FIT,7753887,2022,Полный,Механическая,1192755264635,3GSJBKRT4ACE5VAY4
754DLMWJZXMCJ9B99,Subaru,JUSTY,731940,2008,Передний,Механическая,5156204913783,FC15HP83KE6RSCJJS
MH9ATE4BY7K8VL8S1,Nissan,TIIDA,8245842,2008,Полный,Механическая,1065561519143,BUMKVGCTR6WGN1AAH
USZPAZWG2BBHMV6ZZ,Hyundai,I40,5819915,2013,Передний,Механическая,1051696797382,GEUP7D2VTTRNP69R6
3MMRN1ETZ6F610Y6P,BMW,5 SERIES,1461929,2008,Полный,Автоматическая,1046279280190,7PJC3T3FCY2Z44FC5
0CC5W7FH5DRCGUY2J,Honda,PILOT,2989583,2015,Задний,Автоматическая,1160730942570,891KNE0153XFKVVKV
56LRLNR2PNLHBCHYD,Hyundai,IONIQ,956201,2022,Передний,Механическая,5172973801138,JNTMK28Y6MJ4738R0
ST7E3VMFUKMA3TMF0,Jaguar,I-PACE,9556575,2018,Задний,Механическая,1068726195350,GFU1JFTECRPH4DU2A
25NW9A9EBHUAMSV7T,Honda,CIVIC,1939155,2016,Полный,Автоматическая,1128092419070,0RA116Z4UAPRCCEX2
A75UT13N571P9R5K7,Mercedes-Benz,S-CLASS COUPE,8650158,2014,Передний,Механическая,1054452481214,X31W6RE6DP7C24AUK
AWM5TY81ATLS8YK78,Lamborghini,GALLARDO LP 560-4 SPYDER,7813284,2014,Передний,Автоматическая,5205240738984,RRTBA3L3YB5SCY3BW
3E4M40FTJXXCDRPVC,Jaguar,XF,1882863,2022,Полный,Автоматическая,5194219330960,8CLHEH93GK9FK02SN
V0102SVV8SBZELPH4,Nissan,LEAF,3364632,2016,Полный,Механическая,1140282938685,9UGLF5VS2R8V4ANF8
VBHD08AMCC8CB69ZV,Mitsubishi,COLT,4346707,2011,Передний,Автоматическая,1095080927611,305VDCXU85DM0MEPD
6X1EM45SMEA0FW33S,Toyota,GR 86,5883936,2022,Задний,Механическая,1096160625351,ZR82YM6JCBSXG7KYS
S5LV8JDJ79MRK4MPY,Lexus,NX,9688633,2014,Полный,Автоматическая,1188937379400,ULTRNF06LUH8H5E8S
NRF4DL1TEYY0TX4PA,BMW,X2,9357341,2021,Полный,Механическая,5172973801138,96W5W7NUB7KSC55EK
UN9UCNBHPGS863LCE,Jaguar,E-PACE,3203200,2018,Передний,Механическая,1025770353465,BK9YM0S71KXWLK3W7
ZK4BFCGYWVW7U2L9V,Honda,LEGEND,9608983,2010,Задний,Механическая,1209184586291,RLHR1V86402XBP2GK
M8NBBXH6Z5ZECYU1U,Lexus,LFA,8656022,2020,Задний,Механическая,1058646561676,B4185BFHCDAWKSPY3
RLA8SP9P84WP2A64T,Hyundai,EQUUS,9412874,2018,Передний,Механическая,5068994035204,WMZLESL92JB29SVFJ
M4X38LUSAS8Y8DJHU,BMW,M5,2119173,2016,Передний,Автоматическая,5081371927863,HDDR0DDYXUG5M4K2A
JW1DBGR2LPRNSHR37,Honda,PASSPORT,8108085,2021,Полный,Автоматическая,1101405446977,79YTNPY12L19Y5N5Y
JSTUJYBAR3L3B7AZC,Mercedes-Benz,GLB,2388973,2021,Задний,Механическая,1137409865559,8Y5TPALER204TKU43
1NNUYNTY1NFWMWS1W,BMW,I3,7846528,2022,Задний,Автоматическая,5115175151812,2LWJ20CJRWEB6PPB8
71X9FV6FRG2KLVSCH,Subaru,IMPREZA WRX STI,4785138,2012,Задний,Механическая,5134965050875,J44MDJ06KZGNKLEZJ
M3064AB0N9YFLX09J,Lexus,RX,4528070,2016,Полный,Механическая,1128901476021,UCKEML6DPYXU53XP7
SFY313WEDK7P915CX,Jaguar,F-PACE,6784466,2019,Передний,Автоматическая,5161463706014,57CGJE3RVCC17518G
PW8BYN6FGYKJ3YZ92,BMW,5 SERIES GT,5250243,2014,Задний,Автоматическая,1128059780012,NAUL32NJMD4D7WL2F
5XVLAZRZNG2NNJN1W,Mitsubishi,ATTRAGE,791230,2020,Передний,Механическая,1123362628212,GEUP7D2VTTRNP69R6
3GUFJ2JFTLP30HYDB,Infiniti,QX50,2968692,2014,Передний,Автоматическая,5140937327020,0CL2BRW62UPJ7TFU6
9TKLCAAELKYE11EXZ,BMW,I8,1593996,2022,Полный,Механическая,1130548027983,3GW7TTV7DER1GKD0E
VFX9EL0VLGP8LGHX8,LADA,GRANTA CROSS,5516581,2020,Передний,Автоматическая,1083157574796,W6V2V3WS87MYCXJ2T
3PC9CTUH7RVXWKD73,Mitsubishi,LANCER,8461468,2016,Передний,Механическая,5107347029477,7UKM9GB4EXSMB02CF
M91HNB4BJ7WH82WGR,Subaru,BRZ,6248797,2020,Передний,Автоматическая,1038128201143,7P5ZK6HAWFYKXFWDP
NVUZ994N7WR6KJKNS,Infiniti,QX50,8487429,2016,Полный,Механическая,1104077261650,GKSAGBUWUY513A44W
4E7FCG9U95C5KKXPL,LADA,2104,2266996,1997,Задний,Автоматическая,1085873774865,6EJ2VPZC1GW3GDWX1
XSBZS8J7XLYPHA2N1,KIA,QUORIS,6157098,2019,Задний,Механическая,1122193959282,ASCPHVY2EPGRAS86B
6RUCS137TZDPGD5WL,KIA,SELTOS,3152534,2020,Полный,Механическая,5165254864540,5XVLAZRZNG2NNJN1W
PXMGPBF12YBVLSA52,Infiniti,QX30,8513940,2018,Задний,Автоматическая,5047942143167,F6G94A8H8KXKYLFCJ
8S77398MUKXEKHLBX,Jaguar,XJ,3314787,2011,Задний,Автоматическая,5058639268155,CGR24J4ZE5751BLAL
NHJE2GPJDBUH2T4MF,LADA,KALINA NFR,8787107,2020,Задний,Автоматическая,1100495209000,AFMBG5LFCK0Z0VBBL
0FB8VRRHG3LYSL6H3,KIA,OPTIMA,5104431,2020,Задний,Механическая,1153244368200,BZSCKMHSR55L528SJ
MJ12VX8SK7RNT73XS,Honda,CIVIC TYPE R,5440422,2019,Полный,Механическая,1224028330096,ZSCNAA4E0A9HSAJ16
URDUJ1KPY47BBML1W,Lamborghini,VENENO,5862290,2013,Передний,Механическая,1033037021380,CXWK4DPRHZJ9BJX9N
TZU2WCFX39DL5B2C2,LADA,SAMARA,4973835,2011,Передний,Механическая,5054233943430,K88NZV1W7N9KY2XYZ
