UYUR2VBWNPK9M1YM4,117,6,1.4,6.1
DS3AE3YNS0EBH3LN3,161,7,4.6,11.8
NGHLWKNUK2DD5VUXB,230,5,1.1,6.1
JX8BDYF2DZF2Y42KD,144,4,1.2,6.1
23K8K9FVLUV4UKKT5,227,6,2.6,6.3
LTN73WD8LCX9JLCEJ,229,8,4.4,11.8
8LP6M01GTUDZPPT6B,163,6,1.6,6.1
B64A8USJBA9T3U717,146,6,4.0,11.8
GJW3CXSAETVRL86GL,141,8,3.6,8.1
J1HWDVNM6FCPVEMHV,143,5,4.7,11.8
M5GX1TCCRBP6KXPUP,105,5,1.3,6.1
Y5MGC6A3UPLGSNBCD,86,4,1.2,6.1
NHWD3GB7LUVE4WS5B,216,6,2.9,6.3
HHA2VD8WT9E8ERT0L,110,5,2.9,6.3
Z9TTM14XFHLUJ9789,139,4,2.9,6.3
0E12MDW3R3AWYNB7G,214,8,1.3,6.1
S93U23DZYDJX2NPAR,229,4,3.8,8.1
3UNURK32YVF3RMZD7,209,4,2.2,6.3
JF5SG3WWH8L6UZYPB,204,6,2.0,6.3
AXMYGU1KG520KJSKX,172,8,2.1,6.3
HUBMNKNRDUEN9R1KW,176,6,2.9,6.3
RNNT9RGZ19VLZB3GP,126,8,2.8,6.3
U3FS8FX35WLS69Z7J,206,7,1.3,6.1
8AX39VUFS339WB8V7,82,6,3.1,8.1
8DLX0LJR7FS8G6PS1,101,4,3.8,8.1
JHE9577ZXGEBN861X,121,7,2.0,6.3
FV5FUZ6P62RD5CWSH,90,7,1.6,6.1
4M6NMVBAPHH6623NR,180,6,3.7,8.1
086EW6KJRBV0KN400,145,4,4.7,11.8
VD4CT0PW2N5KVL81J,112,4,1.1,6.1
PAZW2UNSNA2T258CF,118,6,3.3,8.1
M5K4M8Z8FFX5D89K4,208,5,1.4,6.1
GG1EMB64J7B4JP597,211,4,4.2,11.8
LR56DYUN0JGN6ABM3,101,6,1.0,6.1
ZST4JJ83ZK4J4XLNE,150,5,3.8,8.1
79LBHP45JKPYP7RTL,100,8,1.1,6.1
L7LG6MZYTGBSLUYAJ,166,7,1.0,6.1
F6YFLMFSLGXAX286P,155,8,3.5,8.1
XJ2WT2XMU1573U0TH,83,5,2.3,6.3
19BVUAPA9V9JF8MJ1,184,5,4.8,11.8
P6K7EBB08FPUHVJEZ,143,6,2.3,6.3
ZZY7D27G3T1ZURCWB,146,6,2.5,6.3
PXS6EMAZ9GE5W9RKV,207,7,4.2,11.8
FXM1EPKL6K0RMRSJ5,221,8,3.0,8.1
9ZYMVNU9M6MYF6MME,134,6,3.6,8.1
16Y1G8RPGM9FKAY2U,207,6,2.3,6.3
N8XCAFME6WDYZKRPK,144,7,2.6,6.3
1K4303W3FN1H82B4J,229,5,4.2,11.8
A92J1UN49JXUSHTFX,148,8,1.2,6.1
G2467JB5ZDHW5VX85,107,4,1.9,6.1
M9HCEA7K25H02R3LP,247,5,3.1,8.1
2UTCWE9R4RTY6X2WS,90,8,4.5,11.8
KHX8PU6YDAH66ZAAK,250,8,3.4,8.1
SARPVWKXZS1V2E45U,168,4,4.3,11.8
ERDVGTFKGYJYXCD93,142,5,2.5,6.3
98GDP8NU39KT1CGME,106,6,1.5,6.1
BNG4DECX5XX1C8XH5,195,4,1.5,6.1
ZWUP5ZJTPPWRHT3P3,150,7,3.0,8.1
JVY6FPVH1XDPM7P45,136,5,3.3,8.1
YZF4ZSSW8GAMXR3N4,180,4,3.7,8.1
FLUW6MRCLK24YTV4D,203,7,1.2,6.1
GWDV280S8XZ7UE75D,128,4,3.4,8.1
R4KKZF7ZKHH1AKXPH,183,8,2.4,6.3
1R3600DKFV923D1PS,242,7,3.5,8.1
4SL2FKEKW3ENG1VSJ,237,8,1.8,6.1
C7U1JTCHZMBCKJ1K9,148,4,2.5,6.3
GGSXX6TG62VR7Y9FU,187,7,2.8,6.3
XB5U19PW79W7862ZM,208,4,4.8,11.8
P5RJA2VJDX741W941,241,6,1.2,6.1
4WWK7361P2RVM3L7E,198,8,4.5,11.8
LH2RN0TNBKVTHVLXT,148,8,3.4,8.1
248XKW4R1FA56VRJ1,205,8,4.5,11.8
48RRTR67F6378XHPM,240,7,4.4,11.8
AEBSR3EK77HW9DVCM,225,6,1.2,6.1
72MGB2GFU2BEWMZPA,107,4,2.2,6.3
RX5BJ1E3VHME9101F,192,6,2.3,6.3
6BZBPE6YL2SHT3VWW,119,5,2.8,6.3
UP9JXEC8H73AB33JE,142,7,4.5,11.8
FTD82T4CVE824MD8D,156,5,1.7,6.1
888Z6A753E6RTGPMD,231,5,4.0,11.8
RJ4SCLM9391JKWKA0,233,7,2.3,6.3
M2XF36E74RLU6V495,130,8,1.3,6.1
9KKYAN7M7ZZGSYWZ0,152,7,1.5,6.1
LSJ10TP0CXS487W04,155,6,1.2,6.1
BSDN40NSWX45C09T3,127,8,3.3,8.1
M4GX1LS0ZE1EYLEMG,231,8,2.6,6.3
SC72SHECSSR9WSUE6,100,7,1.9,6.1
BDLD0BU9SM1EMWF05,183,4,4.3,11.8
9T0EDAR757V44RYLF,188,5,3.4,8.1
Y4AADEDJF79HFJ8N9,126,8,2.6,6.3
XGF1PG8NJG8FYE4ZP,183,4,1.1,6.1
L482B6FTEUY5ED7HV,115,7,4.5,11.8
GWPGU1U6SSL96R0W1,191,6,2.7,6.3
B7RZK2BD67UTZ5R1F,149,6,4.0,11.8
8ALAU8TCAYTY4Z0AY,81,5,4.6,11.8
D156U6EFW93A0WPA2,136,4,4.9,11.8
GS62KTCSPPXACZZCD,165,8,3.4,8.1
BP4CXVLAV5EP9BZM2,115,6,1.0,6.1
B390G5WGK7774U8FX,141,4,4.9,11.8
0VXBJSTZ9X1RZADT0,249,7,1.5,6.1
2SGVJ3DLXXZ4KG1MX,115,6,2.9,6.3
3N5WEC3MHCYGNAWDR,140,6,2.1,6.3
B4M9TE0GZEXTXCVJE,221,5,1.6,6.1
KU9YJD7WRMWUXPWEX,177,7,4.1,11.8
MYNTB2550GTX75HCP,84,8,3.7,8.1
Y6HLS3V8HTR6V3CSB,218,4,3.4,8.1
HY2CHSL7JYN6WC1YT,90,7,2.5,6.3
FKCXF2S8T13LY7BYB,169,4,4.1,11.8
RCJHRC3Y514H9PMHE,148,7,4.3,11.8
KUHWNL7YM8AUAUXML,213,8,4.6,11.8
L841D2Z9JBCVD3DMS,218,4,2.8,6.3
VA0BV0URUE5VREU9A,230,6,2.8,6.3
CABVNGCM2LUZEMUXV,111,6,4.8,11.8
HZKDAKJNT1YPBT6YN,125,4,1.1,6.1
AKTHGR2CET2UWZCYW,168,8,2.5,6.3
MJMBFVABRRKC2HZ5J,137,6,1.6,6.1
53W4BMFUTJH5XKGYR,108,7,1.2,6.1
PDTZZF64PC6U9LYX6,207,7,1.5,6.1
P49A71BV1VNY2A8MG,204,4,4.7,11.8
NYW1JF7R0VYHU33V5,225,4,2.5,6.3
3U97SX0D80FTV4CX3,207,6,3.0,8.1
98RU5RZDXTF41EFK0,203,5,4.0,11.8
BSENAK969P6SDS6H5,246,7,1.2,6.1
YKBLKDMXKV5YWT5KR,180,5,4.8,11.8
U18J25BE4MU4A8GDC,130,7,2.8,6.3
E0W16ESC9LZ6DY1Y3,214,7,2.8,6.3
4HFH8SYBXPD8PAFFA,222,7,1.8,6.1
XJ2HLT60NSPXUYG3X,113,4,3.0,8.1
9GNGMD0WCVAUKL1EM,120,6,1.4,6.1
LDZXNX497MZH6UVUF,211,5,1.1,6.1
H36SSNFD4J2R6EGT2,237,5,1.4,6.1
SNXZ9RX55NAJEJ136,206,8,4.1,11.8
H28JGUSDE3A2LST77,88,6,2.0,6.3
PZ4WRWZDL6GR676PL,182,7,1.7,6.1
LE06TEHB3UR6RA587,132,6,4.2,11.8
KDZ5UGVKXX8ELN693,90,7,4.9,11.8
0PEEVPCSFF0H6P2RY,211,6,1.1,6.1
R82608ELFUH9P3Z0D,183,4,3.9,8.1
116M0FBSAZCWEPE96,118,8,2.5,6.3
JF8D959WH9E4251YF,190,8,2.7,6.3
MY7GHMTH6B2F41NY1,223,8,1.6,6.1
SP8PGAXPVPS5KLK61,215,5,4.5,11.8
THY4JBDXEXA3LNCLA,96,7,1.0,6.1
ESZ3XJ7SC43LSN0RS,143,6,1.5,6.1
THSBJP2PGRGVAMFD4,191,4,2.7,6.3
ANK3F0FP2E0E4XNG1,250,5,1.8,6.1
MS116ZYNB2SGM86NH,109,8,1.8,6.1
U70Y3FUKX8EWXD5FH,135,6,1.2,6.1
Y4SRJY52SR3AC2UEX,248,6,4.5,11.8
JH37C622NXZ0VD5D9,240,7,3.0,8.1
30FFU57U4EGRRX3ND,174,7,4.8,11.8
6V1NHTYEB0TZBYPEL,131,8,4.5,11.8
C06ZHJ1VP883LK985,131,6,1.0,6.1
059612XMTNPHM1LHS,238,7,2.5,6.3
YDC4N04XZ6EGWRGM5,138,4,3.2,8.1
87EG9REMK8LAHFNB4,179,8,2.1,6.3
H6KY8HJCDY3N151CB,167,5,4.4,11.8
1BWAXR8VTECJHJNHU,135,4,4.8,11.8
0N5098XV258WA6XG8,142,4,3.9,8.1
N8JD596P5HJ7S5YEB,107,7,1.3,6.1
D7ZADLBHS1E54UZAA,175,7,4.2,11.8
0UFH2TRXUTNWRSC0Y,197,8,2.4,6.3
4HGT3CT1GEECCZCMS,223,4,1.8,6.1
ARYC0HGSRF8GGBDMW,187,7,4.6,11.8
JRX818N2EMVCKYNYB,180,6,4.1,11.8
J3H6W2J1EGN6WTEPN,207,5,2.4,6.3
WLYP99PDDTM7ZPNYZ,211,4,3.6,8.1
JAYC3FTAUG614JNKR,96,4,2.5,6.3
CJFRMSKEZN44YDWUB,90,5,4.0,11.8
3EP0NV1K3HPAA4UP3,221,4,4.8,11.8
F0JT10CXA2RM17KD1,198,6,2.0,6.3
2WSVZARG6KWFHB3RJ,220,7,3.6,8.1
DC8FJTSYB7T438HBJ,110,8,4.9,11.8
TZA6FGMBE3WJGXVLX,186,8,3.0,8.1
9AWTU2ZJLSZGF7CCC,213,8,3.2,8.1
57FPVLU0SWTSTTEK9,201,8,1.0,6.1
BJT8HHCACJP09MKM8,193,7,4.3,11.8
VH13HUAT2KCMVV638,107,6,3.8,8.1
3PKPPJWPN21U8GPWY,142,4,4.1,11.8
CXEYEM0KWXU1DGCMJ,216,4,2.0,6.3
GEFP3467RRMYPNCCW,245,4,3.9,8.1
WN1HXSNJMGUS812BY,130,8,3.8,8.1
F2U6ME6ZLDC66M77J,163,7,4.3,11.8
RMSVFE2Y1YSYH01UX,184,7,2.0,6.3
L5GS8X8280KVNNYNG,134,6,1.9,6.1
WLR1F9W808ZYXWPV0,87,7,3.9,8.1
SM6KUMR6TXBG6X9B4,103,5,3.3,8.1
6BGTLYXC0F34187RW,207,8,3.7,8.1
9TC34Z2RDNUWBF5C8,113,7,4.1,11.8
J3NHV0GLS6GZ2PSFP,140,6,2.5,6.3
F7ZBBUYGS6Z1443U6,240,6,2.2,6.3
H0USNVZPSZSVCVKPX,165,6,1.9,6.1
G23ZZUMPKWSJDCXPY,194,8,1.9,6.1
HPCC5KYCU3XAKNM1M,232,5,3.8,8.1
FPKV045PR2AY3VEFL,138,5,2.2,6.3
B6JWTHB5A2WMJYUXX,106,7,4.5,11.8
5WRCBCWG8JPE8LC6T,206,8,1.7,6.1
H87KS2JPRRH2LF36R,114,6,4.6,11.8
UT1UFYRMPYCNG4234,114,7,2.8,6.3
8DXE5SXJCPANCDPBV,181,7,3.5,8.1
FXS58Z4RSNSJXDV7D,226,7,3.7,8.1
T66ZFU57379V73DFP,109,4,1.0,6.1
F9URDWR206960HRRH,163,8,4.1,11.8
3K92WCK0BYPGJ5XGD,159,7,3.9,8.1
BN6UP22JVF3J56BDM,147,5,2.1,6.3
DJ7WDBFE2SCWJZMMU,123,4,4.7,11.8
0DN80C5FBERVZJN5U,161,8,2.0,6.3
A6W6TA79DMMH0R0U9,171,8,2.4,6.3
50Z48SA6ETKMUWSZR,144,4,1.8,6.1
HJ8N0URU0N7NPYY19,192,8,2.2,6.3
N1JFZJFEK1C9NK24W,100,7,1.9,6.1
UFCHZPM8268ETHA2C,240,6,4.2,11.8
L97M738LPPEFJRH2N,93,7,2.2,6.3
YFWKF08NAYR4YNR4H,242,8,2.7,6.3
JTJ4TW3LRTN4K3G23,241,5,3.5,8.1
U7FLEHBDYR9N4J7AR,249,8,3.4,8.1
GD8DA8ZLFJSJ0YMRC,162,6,4.7,11.8
Z0J40CS5VBT930FCL,236,8,1.9,6.1
Z7YW6KPK3ET199P10,164,6,3.1,8.1
BF3SC6PXUYTCA9BJN,110,8,4.4,11.8
8AV40YLHGCX8WSDRZ,133,5,4.9,11.8
848B8M2X1HE1LJDKC,147,4,3.3,8.1
BHCDWALT4DMA4B4A5,198,6,4.5,11.8
M4US4U6LADUUS6STK,130,6,3.5,8.1
4R2D60C1WRHYNTRE0,201,4,3.5,8.1
XVGZT9X32F5G8RYGZ,150,6,4.8,11.8
L37L4FUHZTD8JMXY1,136,4,1.0,6.1
6E9F1N9J9LG61XSEK,132,7,3.5,8.1
8HNXS5HMUWP79JDZX,202,7,4.8,11.8
HZBKJY951CZYR0TPL,123,8,1.8,6.1
0X3PXPXKWNGM1JLKT,149,6,1.9,6.1
B5R9FBRHUKTE1P0H3,235,4,4.0,11.8
BNFBRG0TZBBNG3R24,87,5,4.9,11.8
R459MCJND2Z631J9C,170,5,3.4,8.1
81BJ7SUJULFX63RL6,155,5,3.3,8.1
40X2EHWYCXBH2C632,110,5,2.8,6.3
ARWL8CWARMGXMWUFN,184,6,3.7,8.1
CPZ265MJZNDVUP1YB,213,6,1.6,6.1
M0MDL18JDYSXN3Z0N,138,8,2.4,6.3
MJF0EEBA3YRWLFP7X,189,8,3.0,8.1
F9YXGBSMDY1DPKAE9,228,6,3.2,8.1
AML6D8AWYT7AMNLKK,99,8,3.2,8.1
JJH9SZSH78JW5SEWL,104,7,2.6,6.3
K7T3D8UEJY40MX0B4,250,5,4.0,11.8
FPCJAF76X4MGKS6C9,219,7,3.9,8.1
TC79RXC89JRDNZS8G,126,8,3.8,8.1
FD4UDCW1HB4YAWRH6,140,8,3.8,8.1
JXUEG6HU6JP09Z2G4,119,5,2.5,6.3
USEVEJF990MENAY0W,181,5,1.7,6.1
3C4Y21YYBFDWFEKKT,183,8,2.7,6.3
DL49K56VHLABGDG9P,172,7,4.1,11.8
HKLLXDHFJAKNEKB00,101,4,1.7,6.1
9AFRYSJXRS5HHYDA0,205,4,1.8,6.1
2CJDSVE0W0MXFTV8V,157,6,1.2,6.1
AG8HAW2M91CVZY1DK,217,6,2.3,6.3
UMCC0CABZ37L4DBK5,145,7,1.7,6.1
BH83GDUDP4K3H35ZX,150,7,3.0,8.1
Y8LKGCB4BDD84JCTB,151,5,4.0,11.8
AET33395D1S7V8BFD,107,4,4.4,11.8
PA8YMF60R32TBF49G,170,4,4.0,11.8
659VRB2DUMBZRVCEM,129,5,3.3,8.1
B5J3B8SS53XYG5YRR,117,6,3.7,8.1
UAPDHMH5LHPS3FV3R,155,8,3.9,8.1
PSW59GE2T1DEPV21R,190,4,3.0,8.1
V7U3MSJ3N9HWU0ZMC,118,7,1.8,6.1
JKWZWUTRBYLUB345P,179,8,1.0,6.1
WATLXMF0C83XCL1EJ,162,5,4.6,11.8
AX8CGTY2SV2VFF48J,88,4,4.6,11.8
Y4MU6D77FN8YGBKTX,236,8,4.1,11.8
16D6XUFF98XYPYC50,246,5,2.3,6.3
LB95V278B8P40VWLE,132,7,4.9,11.8
W2XAH3SLMCCHMPGLU,172,7,3.1,8.1
V15ZXKKM42PD8P3ZX,119,6,4.9,11.8
FNX2CHLZ1R6KDMDLC,136,7,2.5,6.3
4S6U1SH5AFUSZWDW0,104,7,4.1,11.8
VP3AF9C4VX1LE9BB5,142,6,3.8,8.1
SDYXGRDW2X1JW2VW6,131,4,3.1,8.1
NXK006G70VJW9A5JL,136,6,2.6,6.3
09YXRYN0HS1RZ2ESJ,139,6,2.4,6.3
26U7772RTET8M7J9G,195,8,1.2,6.1
7806DUPY1WE6Y2CEW,95,7,4.9,11.8
6YH3H3YZV5GG95ZVG,223,4,3.0,8.1
P3BRBSSB2ET1GB13Y,101,8,4.8,11.8
F64V615BH616CBM56,90,7,2.5,6.3
GDU71L23A5RHGXMRT,122,4,2.8,6.3
PRAHYN2PWMAKYF1F4,154,8,1.7,6.1
ZD1T03PFS9HSBSY8T,158,5,4.6,11.8
10A10VE37LU45BF87,152,4,3.8,8.1
J11FV5UHVJTZBXDEZ,176,8,4.9,11.8
E8S2V8BC2TLWMEGBP,155,6,4.4,11.8
Y26FNWLKTEBA16JBE,86,5,3.3,8.1
5G7KXVJADMUZ0CK1L,239,5,3.4,8.1
DDES197BXRDC4N3X6,105,8,3.9,8.1
812YYJJ2N3PRFZ5U3,151,8,1.9,6.1
SBXUMRPEE4GN86UM1,163,5,3.3,8.1
736N4WUEGDUZF4KGL,125,6,2.3,6.3
G3M3P3FB5322TK9UX,199,4,1.6,6.1
WWVZDB3T8X5SZY30P,87,7,1.3,6.1
M85JFSW3JSL5JZVPL,248,7,1.8,6.1
2YTMZ398BAWUSKBTC,80,8,3.0,8.1
S07ZE8PKX8FHW5PW1,83,4,1.1,6.1
4ZXM869STA6P6A8BH,150,7,1.9,6.1
7AWSAVP5EDCYCA8CR,187,4,3.6,8.1
JUKJ3KAN5C32AFC9V,191,5,1.3,6.1
DTFE97E45AVXHCXRB,102,4,3.9,8.1
N9G8WG82WTZFJ2SSU,217,7,2.2,6.3
AKM0WVH5P8T8A0XCT,81,4,1.9,6.1
AUC49130JM1C0W5FE,130,6,3.2,8.1
NVC5H5CD8AXVYML1X,117,6,3.2,8.1
ZDH56N21WWPE818CG,167,6,3.0,8.1
KWW45SFS05MVNL478,246,5,1.2,6.1
5BAX2U9NRY6WTBHSP,236,4,3.0,8.1
A95KEUFXJYE6GH6TT,226,6,1.9,6.1
YR9R598FJKMUA205C,124,6,1.9,6.1
VM8956CHLTLT0X6RA,137,8,3.1,8.1
VVC5P18D4KPD9VXC9,168,8,3.0,8.1
WWNVSMAY8ZTNU1P28,215,6,2.6,6.3
PF7LWFE1HYWWZXC9H,191,5,2.3,6.3
XBDE8VGT6TJLYKFMP,227,7,4.3,11.8
H1V8J1U6Y2LT4REEM,120,8,4.7,11.8
ZDSKV99V9TCWB61JT,109,6,4.9,11.8
CBMAEEPXXHT10KWR7,227,6,2.6,6.3
YTHZV5D5DNKZ210K5,232,6,4.1,11.8
WPT5SS1FHSU1GKX4M,88,4,4.5,11.8
10VWUTEUU844L250C,144,8,4.1,11.8
196EM1NPSBE57DVUA,177,7,1.7,6.1
PEUAMSPZAM2BCZLG7,243,6,3.4,8.1
YVBPBGGXUD0RBCE2J,125,8,3.4,8.1
9A229DH6ZX21D1DZH,108,5,4.5,11.8
KZHENJYMHRCA4F6A3,246,6,2.5,6.3
GJH73KF4S5NYC6P3H,230,4,3.8,8.1
J621BEYTV9HA4DM1R,119,6,3.0,8.1
ZP81DC3WF0A7ZG0ZZ,208,4,2.6,6.3
5J9021HS381JTMBGD,123,5,2.9,6.3
A0WEGP42YE8T6JY6P,93,4,3.0,8.1
PGJKE6NFDHEZ8YHNX,145,5,3.6,8.1
RHUBGFDWDF4NXAX45,225,4,3.3,8.1
UN4AJ3ZYUCNE1J5WT,92,6,3.4,8.1
MHRG77E7PY5EVZ7FW,104,8,4.1,11.8
7BK9M5K9V0SR8DAJL,112,5,4.2,11.8
6NYZTRVPZRWVMKRUL,238,7,4.4,11.8
NPLAZK82YLCY8G6K8,227,8,1.2,6.1
B5ED5T7Y6MCXR2RZG,231,8,3.7,8.1
HUXUBETAURPDFJ7CT,147,8,4.1,11.8
41X40RUR2BVBKG7MB,225,7,2.4,6.3
D7KJ8KGT36VKX8UP3,233,5,2.0,6.3
D9WV9FH3JFFJ057CD,140,4,4.1,11.8
X7CVSNTBSSMFU44W8,98,5,3.9,8.1
AHKAZM0GZTNBWW8RY,93,7,3.6,8.1
YHV71W7P59JJT1KH9,175,4,1.2,6.1
MCGS30PP0XF8HNXP2,244,4,2.4,6.3
VR6ADF15174ZRLAHK,217,4,4.5,11.8
ZJLJ1REBMBK958SLX,97,7,2.3,6.3
ZT2VR3XJHJYGAZ3S8,161,6,2.7,6.3
KGPH3XH0E69B7SAYB,222,6,2.6,6.3
JDR8M1FYURVXNV8WT,121,6,1.9,6.1
25RKF8F3X0V8Y4UR3,144,6,2.8,6.3
DFWNBYAVC9A8KAUG9,178,4,1.3,6.1
SHDH5SDB8RKVKUMNL,101,5,4.3,11.8
CNMH5XWZJSSP564DA,90,4,4.9,11.8
KWCVH9MYZK8VRM0LF,249,7,1.1,6.1
X95B2J0CHC6BEGH3B,190,8,3.0,8.1
5PU9USYBTH35J6LC1,240,8,2.0,6.3
H07FS5J0L0021AG3U,102,6,2.0,6.3
RAVY6UJSRMBZEVV3T,211,7,1.9,6.1
FUC9V52TL2YM9885K,97,7,3.5,8.1
WYU1F1RT9RZ9K86VK,85,8,3.4,8.1
4KMTWUAKKHA7V233X,94,5,3.5,8.1
SKH1TYAA1BGHRZ2BA,138,4,3.3,8.1
H5M1KBTVPCEA3PR0D,127,7,3.1,8.1
YU4911EYZJZZE4PR0,225,4,2.8,6.3
N9PM9Z3451R7WWXDM,166,4,1.5,6.1
1VH552YL2T0XN4V4P,208,6,4.5,11.8
00KCEC2DS88UFJJV8,90,5,3.4,8.1
ZV9GUUAXZ22U6DZ01,221,4,2.2,6.3
GEF9P3EVVYUDMFG45,108,7,1.7,6.1
1NZ7KZP3YE4GPPY78,232,4,4.6,11.8
KB6JS3085KM4VPT16,91,8,4.5,11.8
6EMXGA53FP3NLGSKU,130,4,3.7,8.1
20VDKDYWRDEEFTCS2,237,6,1.6,6.1
SYCM506L12L23KUFL,228,8,1.3,6.1
LXF523U2DNCKEB865,163,5,2.0,6.3
HSVT70DLF7GBF6JXJ,245,8,1.6,6.1
PJV52MV55AN9VGDWL,90,6,1.2,6.1
2D8X6ZXXBDRGHBSW4,131,4,3.9,8.1
9VHRHJP63HMABG3VA,244,7,4.4,11.8
4B5E99BG69TKX2X2A,94,4,3.9,8.1
7ASRVY0K9MZC10CP6,173,8,1.8,6.1
089J4KZY6TBH1VBNF,156,8,4.6,11.8
R59LJ71L63TR3Y9AA,204,8,2.9,6.3
MX5THNCJ0UZAMW4Y0,225,5,2.5,6.3
9CMXDT223L2DUHPX2,213,7,2.5,6.3
46MWVS63KR9JS1JD4,120,7,1.8,6.1
RLBE3736H6VUDVR0B,92,6,1.1,6.1
962W06WSEMCJGAA92,193,5,4.7,11.8
VDANX17P4GNLMFY4J,245,5,2.8,6.3
8B2HXL1SF83XGS0VK,201,6,3.4,8.1
BXMV69CA86754HW3P,200,6,3.3,8.1
CF5S36DN5HXJMVB1U,153,8,1.7,6.1
UL3PMX7CPCWPUGW6J,92,4,4.3,11.8
898705LMLSTTSMK27,96,6,4.4,11.8
NKJHRYEVWMTTPXZ59,164,8,1.0,6.1
68N37AEC2UYAPXMGA,164,8,2.0,6.3
ZXFSU6USN313CV8F9,101,4,4.3,11.8
UG9ABWD5MRTTLRZSJ,114,7,3.1,8.1
H0MXZA4HEJH4U0EU0,167,5,4.5,11.8
Y18CE7WWKCUAU0TV7,94,5,4.9,11.8
L0XNGAS9B6DDW5T1Y,80,7,2.7,6.3
YXYG8U3APSA4HZFDT,212,8,4.6,11.8
2XMAGEYSCRZANNBM2,249,8,4.5,11.8
GVB9SFCCAFHCUJJJK,174,7,4.5,11.8
DE34H5301ZUT70MTC,244,7,3.0,8.1
PRU0PG09AN3E59544,85,7,1.8,6.1
4RZG0UJ90U0004ZYM,219,6,3.9,8.1
NX1J7G5YRYLFV9DAZ,141,7,4.9,11.8
PHN04PXXX5WMDW67S,173,4,1.7,6.1
MF40PB8H202GTEAYV,217,6,2.0,6.3
8YDKL77TKMLVSY81Y,101,6,4.4,11.8
S0FJSVJLEC263NSCD,219,8,1.6,6.1
GJHPT6RX8G4WZ9V24,220,4,1.4,6.1
LN7Y3VURWAFNR90R9,186,7,2.1,6.3
TTXUL3XT48BST25PJ,249,4,2.9,6.3
4MCJ64G79KXSH1GX6,99,6,4.7,11.8
AW7AFVZ3PXENJX26W,123,8,4.1,11.8
K47Y68J1M035JRC05,207,4,3.7,8.1
YNKUNY3J4YG3XM31F,229,7,2.2,6.3
AKYK04A3E3GM8FHXR,166,4,1.3,6.1
R7GSYDHBNNYLZ95S9,231,6,2.8,6.3
16ZKAFFHDENX8DVJN,236,7,1.8,6.1
FU7VA5N04WBEXEBY6,173,7,2.3,6.3
P2JL3D8XJJV4MXD1S,89,4,3.6,8.1
R22B98HM5N571PXNK,170,7,2.2,6.3
2PH3UW5RURVNZS7H4,108,5,3.7,8.1
7GNLEDLMPZRBYFTHK,143,5,2.5,6.3
3A0YC6JEY8EA2PULE,245,8,2.9,6.3
WW4VPTV0Y8YVL3JP9,180,6,3.8,8.1
8UYN2CXRB81J6EF82,125,7,4.6,11.8
KPUR633UA38U9N6PD,113,6,2.6,6.3
BPWVRCCVKMFF1NULR,106,8,3.8,8.1
5063AYVWWX73DL879,91,7,2.9,6.3
J2VYML4V31XBP1ZEH,103,5,4.3,11.8
1010VLV2FD84VWGTB,134,6,4.0,11.8
PZ0AUZCNWEU9GCAZ6,153,8,2.6,6.3
1BXFFEERADU82ZFU3,116,8,4.9,11.8
VM7CLBF8VL3UD2UU8,92,6,2.9,6.3
7G7JNMYUZ3VFLJ0VH,98,8,1.3,6.1
5JL2GSHUZB2PDWHA1,250,4,1.3,6.1
GE0F2FT58T2VR7BJX,228,8,3.6,8.1
D79ZHKYRG4LMSYAN1,149,8,1.2,6.1
FHH6TJHLG7HH2CJHV,168,6,2.6,6.3
V6EXKBKCDN6CL5XPV,183,8,3.4,8.1
73M57VSXFRNFD1TGU,178,4,1.4,6.1
A3UDGNPUHSVCDJ9L5,108,6,4.2,11.8
09HEBN9VENT9SCHMB,185,7,2.8,6.3
8BGS67XU52Z08CNXE,214,5,3.5,8.1
JLAH14HXNXRC66P2V,187,8,3.0,8.1
FATM05W5Y263K6DMH,219,7,4.8,11.8
WEJAJP7V2VZ9RNUCY,146,5,4.7,11.8
Z4FKDM6X43BB58W1V,242,7,2.5,6.3
BBPS91LF504UX9LZH,149,5,4.2,11.8
9V7V6Y6CJA2J7W2NN,130,6,2.8,6.3
UEG7XHJYJPZKEKD3R,155,7,1.1,6.1
6JAXM9R8P3AXSYM66,160,4,4.5,11.8
BMCJ4LGE9TND29SZK,145,8,4.8,11.8
J3YJRTLC8V945R498,108,6,2.9,6.3
AB3PNYGZU3E3HYZ5J,148,4,2.8,6.3
2LYKZUBTRG7668S80,151,8,4.0,11.8
AU98X4NLKFXH23WFS,247,7,1.4,6.1
M5KWU8YW1CEFH4XN4,225,7,1.3,6.1
D8LFCASKBPF3M1V33,232,8,3.9,8.1
6NLSWNEGKVSB5NKHG,178,8,4.8,11.8
TEL1MVJAFZHC4LZVT,100,6,1.2,6.1
G1W62DJGXP8J60A5S,135,8,3.0,8.1
55U4C8BC4VDNB4XE6,227,5,1.5,6.1
AXD6L3NH6VL3AK7YK,208,8,3.5,8.1
2ZMWC6LZ1VGGMKNUR,156,7,4.6,11.8
S7TKFYANNNMP98242,230,5,2.6,6.3
9ZT6D95WYU475AG7L,204,7,3.6,8.1
F52YFF26PRY3NM6FH,195,6,2.2,6.3
YDCAACD0MXK1VACM0,216,8,1.9,6.1
FCB3EW4HP4HC58NB9,103,6,4.2,11.8
MUCKEBJ030SNCKG19,159,8,4.4,11.8
MHXZGDPXELKSH783L,87,7,1.6,6.1
L9P6HXDYAY932ETWE,106,5,3.0,8.1
WNUS0XCF498S0JC1V,101,6,3.6,8.1
27B4RPYDPRF70DGWB,193,6,4.9,11.8
4Y5237UG3BK7JH5F7,248,7,4.7,11.8
PTUNJZLUBHXNAV8T3,187,7,4.9,11.8
D8XJT0N12XK3660AH,241,7,2.3,6.3
101D9HE9C2K4BWG7K,144,5,2.5,6.3
K51K37ZM8E4NKTLKK,87,7,2.2,6.3
LJGXA6MLK5JMDRXP7,174,5,1.7,6.1
KE7N2KH1GPG987TW9,143,5,3.3,8.1
A6KLU2U5L24TJHHKM,178,5,1.4,6.1
LWW6PNXHL400XL4RP,88,4,1.0,6.1
8E23Z22Y945ZGB5N5,93,5,1.9,6.1
XBCA7ACGZ1V7LM9J8,166,4,1.6,6.1
13B22NC75CN8J5YX0,164,8,2.5,6.3
DFG5X9N56VCLZDYJB,185,5,4.8,11.8
XPCHXZC32LP9DVA6K,147,4,3.8,8.1
1ZHFL193GERR46940,120,5,1.1,6.1
4XX0CB53PE0RR8L56,118,6,1.7,6.1
J14K1B6DHGCUPDPV9,238,4,4.8,11.8
2LR781XHRE2PG50PS,126,7,2.3,6.3
UC4VME5UW1MR77R06,239,5,2.2,6.3
01HBH6973KTALXDDL,183,5,2.2,6.3
709J9LURY4F5PZ12K,210,6,2.3,6.3
LDA30YFMST8Y9ME29,208,4,3.0,8.1
MDFWX088WW5YWZYJ7,163,5,2.3,6.3
EGDXSJ71ZRNK1R1C8,200,5,4.3,11.8
2YPYGV1SYKHMX0FBR,101,6,4.3,11.8
YWZNVYR8NRWVWR9AF,81,8,2.2,6.3
0B8MT10SMBPJ7HVB9,116,4,2.7,6.3
DFKF7JVXC6EL1VM6C,220,6,4.9,11.8
GMKM6VTJ6CD2NUF08,191,6,4.4,11.8
7TX74J68TS9RHJTA3,225,5,2.0,6.3
V355Y2UBTFNG69170,196,6,2.6,6.3
4J3AN751NECN26A38,153,8,4.3,11.8
17S1VFVN75CYP2BN0,240,6,2.3,6.3
40NAFMJUSL5SRPX5Y,183,6,4.9,11.8
EYB229RVB00TU4V0Z,95,7,1.4,6.1
08WVK7X02FBRT72EM,211,4,4.8,11.8
ZYL39WRHE3YH6PYE0,108,4,3.3,8.1
RBYWEPW8DXMHEFTEE,210,5,4.1,11.8
R2EM83J6SNJTEZJ47,159,4,3.4,8.1
1KFEW9ZMBW8AS9A2L,133,4,1.8,6.1
910ZJURPXUN7W3JWU,121,4,2.4,6.3
9ET10TL3WXAVAWDLM,117,5,2.9,6.3
JXWB3G8G4JR93XV46,246,5,3.9,8.1
91F5E5G5HV8VUDXCK,157,5,3.8,8.1
D524TZE4WHNK67LGT,198,4,2.2,6.3
L7DE11B8LD5V4JN4K,170,5,4.0,11.8
DBVCLD2V71BDV9FZU,241,7,4.1,11.8
P4EPDHHEE6ZDSN4LW,121,4,4.3,11.8
38BD3YHXX5G1H9WYL,233,4,1.4,6.1
T2SDE70SDA0M8JY1H,177,8,3.1,8.1
N2N4NLFCGF1XLS4YA,84,5,4.4,11.8
DXUH9B22Z2997ZBRR,141,4,2.1,6.3
LH5JXD6KJMBKCTYMV,226,7,4.4,11.8
NA9ESPDKVHNJRH5RE,188,8,3.4,8.1
1J14WZS4PHJ6SLA07,80,6,3.4,8.1
0EZKV9NZM1NDLV8W3,126,4,2.7,6.3
0PRYWAJK5557EEY8X,207,7,3.6,8.1
BXUTH59TLGCSCS9YK,156,5,3.2,8.1
FMVUFAVZ3HGW547TP,91,6,3.1,8.1
LDM4486LS7L98VRSM,118,7,4.0,11.8
46KW2GDHPNFC9F8M0,170,6,4.6,11.8
UA86U2C38A2FMJS8N,215,6,3.7,8.1
56NKF6NG1U2B7CTEJ,83,8,4.8,11.8
S61ZWK5BTPG7GAYAW,188,8,1.8,6.1
SA9SSR0EVGNJ9JV1P,206,7,1.3,6.1
S3YWNKST30BN8PG74,87,7,1.1,6.1
M2E6HPHFLYXDKSEG1,177,8,4.6,11.8
MMVYK0RAC4U2URXJF,224,4,4.1,11.8
3BPJH98JCV6RTBS6C,182,7,1.7,6.1
8PUFW7E4YER3U6PWJ,100,7,2.2,6.3
HNPFBR37821KLA9HZ,110,5,1.2,6.1
KE5BT3XBHRVPRUDS3,166,4,1.7,6.1
NLHVY6DA6CSYVXVVU,130,6,1.1,6.1
X0KVUSV1MYHXJJMTM,222,6,1.6,6.1
7MV3K12NHT9N1KLF7,195,7,3.4,8.1
U7UU51FN9HTUXHRM1,188,6,4.7,11.8
X6746TY4VLSA175HJ,190,5,2.5,6.3
LYW7HETL0JU6G25T5,180,4,2.9,6.3
9SNS26WWV17HEU6KB,204,5,2.9,6.3
C96LJ69CMVMPJ1UN4,240,8,1.0,6.1
TCW6V07AZVXLJHFNW,96,4,4.1,11.8
CCYCW2Z7T5A52L4FM,172,5,1.8,6.1
BCH9KXSSJW1TTS1LH,228,6,4.1,11.8
LNMGZN6S2NDEWZ27K,161,6,3.7,8.1
VDBCSX72LXL2KWSRA,241,8,2.7,6.3
JVLUD7FUHUWBUPW4M,197,6,1.0,6.1
EYD84BACJ5E7YTP55,236,4,3.0,8.1
PCRXYDY1BKNF3CP3M,119,7,3.2,8.1
NEN1GLS3VHLE1A3PX,82,8,1.0,6.1
PG15V1WC15BTYB970,218,6,3.3,8.1
TPB6EYLFZRVLV14FD,215,6,3.3,8.1
W7THAFVYEDR0J0X3V,113,5,3.0,8.1
VTDNE4G8C3TUCT60S,184,6,4.3,11.8
TX5HPNY67HUPKT0GZ,151,6,4.9,11.8
CV305F9XM8MRMRV0J,134,4,1.2,6.1
4H3VW1CM1M3K5XTF6,117,4,2.6,6.3
79WWBJUB9NX80V9PY,151,7,4.8,11.8
3RL69A4K422PTXTZL,205,6,4.2,11.8
AKR85TBHSYRBW4R7K,189,8,1.8,6.1
3R3VMNCBHFWNS1TXK,213,7,4.9,11.8
HKYE78F5TUXR5ZKUX,146,6,3.0,8.1
JTDPW9SV0TYC08S85,156,8,3.1,8.1
D6G7S88ZZ83PHMPYH,205,8,1.9,6.1
6ASEEZU9VVCTHLEE9,101,5,2.3,6.3
GNKW7LN2YXUACF54M,174,4,2.4,6.3
BRWBUAX1EYMGZ7B30,125,6,1.7,6.1
G6NNUMZHNDS9UVTMR,202,8,4.6,11.8
L3HAZ8RX7KPEBWSP4,163,7,1.1,6.1
F9PAC1YEKVWA348XL,138,6,3.7,8.1
LRTJAR3EXYG72WBAZ,243,4,2.3,6.3
TP0H9WDR64T2M0NMT,122,6,1.9,6.1
SERA8E257NUD7THTD,226,6,3.1,8.1
J1EAGG8V5GV8ENFBX,98,7,1.7,6.1
0VX7YK68BWJZFL5NT,162,4,4.8,11.8
BW1PKNL1WG8FNC5LW,163,4,3.1,8.1
CJM0VBPT3YT3LT34V,128,4,2.4,6.3
UVVCKJPP2GRUBNY51,250,6,1.8,6.1
BDBK21XRNXDPD6F2Y,229,8,2.6,6.3
5HANVS1H5MW2RA6CK,157,4,4.5,11.8
GFS7M42C02VEME1A8,214,5,2.5,6.3
76J0E54J0WL2DKEBZ,214,6,1.5,6.1
RL9393T76PL681UN5,190,7,4.6,11.8
F6ZF482LMHG34JZE2,132,4,3.3,8.1
SJE7W3C9N26TNY580,182,7,3.0,8.1
FU7E6B165SBBSV58J,127,8,1.8,6.1
P0WY8NM6Y1SXHTDCD,147,6,4.8,11.8
SS6NTUXG7DTHA6UPU,151,6,1.3,6.1
HSCEZS50UJATMF1NR,203,6,3.9,8.1
JDSGBM6GZADUBP643,93,4,2.7,6.3
XT4G5FZ0ZXHBU2LF1,111,5,1.9,6.1
CCUDAJTLWC15P1Z16,214,4,1.9,6.1
V8ENMGCW6JG1189W6,193,4,4.0,11.8
U8KD5PYFF42UXUAAK,158,8,2.8,6.3
P23ZVGK1KT5TWR7DB,203,8,1.5,6.1
KFH598Z7ZNUVWCEWZ,200,8,2.0,6.3
4UPFMJ02KXUHSUC97,172,6,3.2,8.1
S5G6XW6MGD6UARJA0,201,8,1.9,6.1
25HHMP1AN8JX3XLPC,83,6,3.2,8.1
N69HSMZGFD26ZTXPF,220,4,2.6,6.3
WC0FHUFSH0SPF8RWZ,155,7,1.0,6.1
SMNCFAE0WYMMN7L0G,90,6,2.9,6.3
KP89S9WMDXJUBU7CY,99,8,2.1,6.3
G64NS6309WFE665EC,140,7,2.8,6.3
M9YJ8207L0P74YUUJ,182,5,4.7,11.8
3L1HCR0290BCV6HHP,213,6,4.4,11.8
XJ6024A8GBW10GW7A,185,5,4.5,11.8
56PAA6W9735LCB2U7,164,7,3.0,8.1
HW33WNE7JTCXX4BM1,248,5,3.5,8.1
AVYGBSY8XHBUEZT9C,145,5,1.4,6.1
5K6ATSWXK99JE7NWJ,81,8,3.2,8.1
HCC8UUAPDRGB5Z8K0,214,7,1.6,6.1
8DV6T3YS81BK8MEK0,103,7,3.2,8.1
G3S2ZXF2A7BW5WWU7,166,4,3.8,8.1
3CEPYBXUAAPAF79B8,244,6,3.0,8.1
96S45NF2YXJHWSYPK,150,5,1.1,6.1
NRJGEC3AS1YEW4E6D,114,6,4.7,11.8
X2B83RZ7XPN67B96N,91,8,2.9,6.3
J10G9WZCUZYKX7E56,190,4,1.9,6.1
35VTY48TZ1GEWASDY,81,4,3.9,8.1
M6AMBDPV82BB4XMVL,142,7,4.5,11.8
SS4937TECPMAVJSDD,187,8,2.0,6.3
0YNADJJVXTT9FR1ZY,113,4,2.3,6.3
39BTCM57WJFMAPVDP,151,4,4.2,11.8
74AKBNFG5HAJG734T,235,8,2.3,6.3
ENVR1DK70HG33FZG0,133,5,1.8,6.1
2SKDR4ZC24T7SNJT4,177,5,2.7,6.3
LR5MZ2CKVUBA0ARV6,244,5,2.5,6.3
RP0Z45VUGML8U3RR7,216,8,3.8,8.1
K5DYYE2H1Y0V01F7V,138,7,2.0,6.3
TLUYL6K7GTTH0WWZB,172,5,1.9,6.1
JF7LMRWZ4GCY4LE6R,233,5,1.0,6.1
GUC4PLNDZJCZZLPCB,155,8,1.3,6.1
60YRSPWNERBESEU3G,217,6,2.0,6.3
G3CS969K28S39FGFF,194,8,3.5,8.1
5BXLDJ4LNHFPUD7VU,117,4,1.6,6.1
CMZW5L4J5JDZ2UUE3,82,5,4.3,11.8
APZXM1ADHYWFNMJF9,159,8,2.0,6.3
7GK09TENR6HAT5MFN,190,6,4.4,11.8
LUCR5USSF9BCEJVJ4,218,5,4.8,11.8
EYHH0V48BU0NU6SU8,236,5,2.5,6.3
6A7LCVUPDMU0CZ9WZ,126,7,2.4,6.3
G21FU6HKXE3F9Z43K,186,8,2.7,6.3
1TT2ED7BCG788CL8X,164,8,1.3,6.1
P1UH33M3MN5GB70AZ,125,7,4.5,11.8
7CBBLUES81SNYVNUH,80,7,3.3,8.1
GCHPBC0ZR3X7TBJ3C,213,5,3.6,8.1
5GEENPMVW8KN51YY7,166,7,1.0,6.1
B4SCLNZJRT1AP9NXR,102,5,4.1,11.8
23MF30W5JRDC72522,171,8,2.2,6.3
Z4G2E67HUETWPX71U,245,6,3.8,8.1
DUDAE13A42L9X5RXF,89,8,2.1,6.3
44JM8TCB7BC79BLHZ,140,7,4.6,11.8
JYSZZGWUKDRFXLHVL,224,7,2.1,6.3
33TC5SWT1WSHL891M,231,6,3.3,8.1
02WZC3862HT22MRS9,181,4,2.8,6.3
FL63VFXR13NR8XUWZ,183,4,4.1,11.8
R9XX3W6ETHN0V1CDB,177,5,4.2,11.8
MXJ0FASPBZ67XXZCC,238,8,4.2,11.8
7FGP8N35CCMWWHBBG,226,7,2.2,6.3
PK6UXG3CTL6BY147L,250,4,4.2,11.8
5USMBPKB8CR1PXXLU,170,8,4.7,11.8
763L0YFDRRV2LUPTY,84,7,4.7,11.8
1G2J5L3ERGBT6TDPJ,185,7,4.8,11.8
GH1YT172J8YLSLJTT,153,6,3.2,8.1
SZ6DSLFL6DA7K0S2M,220,6,4.9,11.8
8GVPZ70B0LG3U9ENZ,141,7,2.2,6.3
31M4SJYP0MSTJ8F5L,178,4,1.5,6.1
8FBU9V23ME9AUED1K,122,8,1.4,6.1
U1LVMDRDL2S4S9JV4,172,6,2.5,6.3
JYLFMP1RD2YD2ENKM,132,6,1.8,6.1
E5SU84X2XJSZ9WB2B,227,7,1.9,6.1
CHUM5RSM64HW3G39U,167,8,1.6,6.1
S6Z97DM7RS9KR6KHJ,164,6,4.2,11.8
EEC2GAUMVEX208S9Z,147,4,4.2,11.8
R1JYGKCFDA5RPA380,120,4,2.4,6.3
19TZEKGU96WVYHM54,134,7,1.1,6.1
WPLZ78S6PFTJ5Z87Z,144,7,2.1,6.3
0129ET7XSYJR3CJRW,133,7,4.0,11.8
PJGEZ6XXEURLY7HGE,180,7,4.0,11.8
M0S2AKRGNZYUF4PDB,206,5,1.9,6.1
35DVVLVRDJLR2EUE6,193,5,4.4,11.8
JWRTM89L0R644AAVW,180,4,3.9,8.1
LY46Z79ZPGL1NJ7H5,194,7,2.9,6.3
WT2TS4W7HUPU98Z7K,85,5,3.0,8.1
Z4SWKDF3CKKC52KC6,114,4,1.8,6.1
7499Y8TUHN2Y80Y6L,129,8,2.6,6.3
5SWU8214Y2W99NJG7,243,6,2.2,6.3
NMKJY4UN1ZHHXDDGJ,238,7,3.9,8.1
U8WYSH5FNHVNX2FGJ,240,8,3.4,8.1
AHY17BHH1M3BDVDMR,99,5,1.2,6.1
JLJE5H7PTNR6H13BZ,138,4,4.6,11.8
C37YZ7W0SU6YMDESS,178,6,2.4,6.3
AJFBKXXV9SEY27GZP,160,6,4.3,11.8
YP4S267TLPPH2G0FR,94,6,4.1,11.8
W9NB54RXB9NT83EG2,155,4,3.6,8.1
VVT6WKM32ZXGXCJFJ,118,7,2.8,6.3
SDS8974R5DKAHCUCE,179,8,4.1,11.8
D1E27ZB1B1KRN9K1Z,125,5,2.7,6.3
CNRSHHRC4PGJD1U80,198,4,3.9,8.1
T27LY1T022FW10S6W,141,4,3.4,8.1
DY9AERHMEPZUD9KMP,99,5,3.4,8.1
BKJNJTL1TXHVCPJ97,150,8,3.8,8.1
SV9EM693ZDUMR5PPJ,131,5,4.8,11.8
50G3V424AMMBP257A,197,4,2.2,6.3
6NC68UFETVFNWUH3A,180,4,2.8,6.3
PNR0R9SWP5GNN3DEH,85,5,2.2,6.3
BKVLUP1N4506VCSLD,92,5,3.7,8.1
4LHLHXP19A8MKGZV4,84,4,3.9,8.1
6L6V94VJUYYKE64PD,202,8,3.7,8.1
3BPUP019CMTSXCEKJ,115,6,3.1,8.1
0FMB5R2M7ZRUXD46K,192,7,1.7,6.1
CEMMY0ETTE70A12X2,94,5,3.6,8.1
7YT0Y0RL6UNCFEZ3F,181,7,4.8,11.8
15PMGYJ6E51SFZ2BH,168,4,4.4,11.8
EWJZRZTTDR8VR8PL0,163,5,4.1,11.8
J6Y9KKYR59W75KJXG,130,7,3.4,8.1
01ZSSD38UP451BSPR,213,5,3.7,8.1
C02W2NGUTHB8A9L8C,230,4,2.5,6.3
B96PR63GZBFK6WPCT,112,5,1.9,6.1
R1DSZ3RS836RJCT2W,212,5,3.7,8.1
VKPNUJEHA9BMYSEFZ,163,4,2.6,6.3
0JGBFHXFJU2349Y55,212,8,4.1,11.8
HGM7FDUKPS0A0UY3E,176,4,4.5,11.8
5YF8S7C446K70D62A,156,8,4.2,11.8
5L2N9NW8PSG39ZBEB,104,7,2.7,6.3
16GWAXKLWUNGBS4YY,168,5,2.1,6.3
JE2824FRHZ2ZLS8JN,136,7,1.0,6.1
WTNVGH5Y6KAN682YE,216,7,2.5,6.3
ML043F4F1114F6BSD,237,7,4.1,11.8
PZ3T53ARUDNZCPWTY,116,6,4.7,11.8
GPJ7N8X2MS4EXX2RB,245,8,3.0,8.1
Y9E2B46GU11ES4618,221,8,1.6,6.1
CZ6U2U0KLWFFWC9XH,197,5,4.3,11.8
XB1P8XR5DCDC43H3B,207,5,4.2,11.8
S4H1AJFLSW7YTVUBV,121,8,4.6,11.8
WAGAV16ZR8Z6GF0TL,98,7,1.1,6.1
MUKTR0LSK40S0F9KU,195,4,2.2,6.3
DSJ2PCLF8P0GSGF8L,242,8,3.7,8.1
2RMW2GN894Z75GJUD,239,6,4.1,11.8
L7D2K1NM5AM9GXFP7,105,6,4.0,11.8
F10SVESXSLSA9Y48B,177,5,1.1,6.1
Z64RA7ZH99T3401ZS,173,5,2.0,6.3
JRJ80AF75ZHR3VAFX,152,4,2.3,6.3
98FMTY2H52FZ4G9JF,164,6,4.5,11.8
Z6EP9NYLZGVLDM4D4,169,6,1.0,6.1
R06TJ4E84N1KV5ZP5,132,5,2.2,6.3
RPX4DCJT7UHUGGX1Y,219,8,4.2,11.8
AEZWSB0SRGR2MW5LB,212,4,2.1,6.3
SCBXFH2XD0D9E9514,179,8,4.8,11.8
AXASLAWU2H3JZUR3R,233,5,1.4,6.1
GPBVCHPP1L904KZHT,202,5,4.4,11.8
BW7PS2XZ902FP0NPA,190,8,4.2,11.8
L7K355BUCS8ZP4TWP,125,4,4.1,11.8
2W18HEWJHUH2Y7MH2,144,5,4.5,11.8
9MHNKCKBNE4VK1EFY,83,6,4.4,11.8
L87RM75CPJ75P6FUH,150,5,2.4,6.3
7AY00H43Y6U25DZZW,123,6,1.4,6.1
XEDAB6XBSAMX6ZVAB,155,4,1.8,6.1
0GTD7VYV6RLC48FV4,81,7,2.4,6.3
GZ81NE2D66SD4N2LB,218,5,2.2,6.3
9VNF8GNVD8JYSCGBC,149,6,4.7,11.8
3T4GJYPFSFT75MP33,115,8,2.2,6.3
1BMS2SWS9HFCZUU3V,184,5,1.6,6.1
L9VA7MHHKF10YP8HK,176,6,1.0,6.1
YYA3DCTK8UZBB1K4X,216,5,2.8,6.3
KG17WEAFJMVHF0E5D,148,6,4.4,11.8
EBE1HKRUK9J1D4H0S,222,8,1.2,6.1
5KX15TJK37G4C1HEL,229,5,1.9,6.1
UREPBP88XPUWV443A,90,5,4.0,11.8
9CF799RY295678K02,187,7,1.3,6.1
KCSPYBU5ERD09G4HV,153,5,1.8,6.1
SBMTGCPZLLG7YD7HY,89,4,1.4,6.1
SMSGVDCZA4SF5UDNW,206,8,2.8,6.3
6CTTU3L9EG2VUBPYN,125,6,4.5,11.8
3H6FUHPH2ZSSH0VTS,213,7,4.2,11.8
M9E2RD068ANRX0JT0,234,7,1.7,6.1
596N8GVU0FLDY241K,98,6,4.0,11.8
3FRJ261DPM6MGTHFS,160,5,3.7,8.1
DKN5TG34ZY5TWZF6L,207,6,1.7,6.1
VV510NULHTE23J178,204,8,3.0,8.1
0NCHJ6YNFF686WCES,102,6,1.3,6.1
ZAJTJUJ2750ZMJTRE,141,6,1.6,6.1
4EN1XJ32ZMKZG45KD,80,7,2.7,6.3
NGG680EHMYWFRFTNT,115,8,1.2,6.1
91SDM20DANP5XJK56,237,7,2.5,6.3
UAF5CK3DWGW4GZE8F,195,6,4.7,11.8
59X2TZA01GNP96HWJ,194,6,4.4,11.8
4WG3C0867NKDMUD40,202,8,4.5,11.8
FH3YLBNH9DFAPSP9T,236,6,2.7,6.3
WH3XUXUXNEG4BAWJW,83,7,2.9,6.3
LZG26KEH67G1AF4E0,113,5,2.9,6.3
LVXSE6DLALTATY4B9,172,4,2.4,6.3
KMTGC09E3UP7BFF43,131,5,4.4,11.8
U1VY6LBUF3M9RCEHA,162,8,1.1,6.1
VAEBSTTKBNSYVY4N2,200,7,1.1,6.1
EHP22PASHRK0R218P,118,6,4.9,11.8
R54UKEY209D14EJFV,213,8,3.7,8.1
6L6BZ58T5WA7YJFYZ,98,8,1.2,6.1
N5PUFR3SBKPD0JE81,105,7,2.8,6.3
UZ4CPT9B24NZCNH13,211,4,2.3,6.3
5M9Y9JR7KS9SC7ZZ1,118,8,4.6,11.8
02K2NSGU15K7VP796,157,5,3.3,8.1
BHWEZX2RA5P4PLBZW,105,8,3.3,8.1
E6793X6MPZ0NAPX43,101,8,4.3,11.8
69Y1H5W1FL6TP2XJ4,159,6,2.1,6.3
WUUYBHURV86V8PW45,131,6,1.4,6.1
KRUV1KX679Z7CBLD8,92,8,1.7,6.1
9YSABKBF1RC9YHAMM,240,8,2.6,6.3
YJ7XE6HPRJFCBSE2X,111,7,4.9,11.8
5JE8XJ93UB9PSED5X,245,5,2.7,6.3
PV42HD9YBGAS50X7B,124,4,2.2,6.3
CEMWLTZXK7T4MXHWY,155,7,3.3,8.1
KELVACBNSGMFN9YNU,206,4,3.8,8.1
H2B117SHKDNSJP3FV,86,5,1.0,6.1
JLP6DWHSKXGSTTK1G,191,4,2.7,6.3
DFKLPYLWLCW8PR5YZ,110,4,3.1,8.1
MXCLAKPJ84R5YRT3E,83,4,2.3,6.3
UF8LWMK2U1JZ5CRCD,233,5,3.4,8.1
P435F7ZFCEAWXBNML,213,7,4.2,11.8
NUXE72VPYS96TUVE2,206,7,1.8,6.1
XTSHS97ZTM5GUB8ZD,219,8,1.1,6.1
09J7K3L2KPH64VCXA,84,7,1.7,6.1
PH8484795G9F0B71J,151,8,3.6,8.1
BWS9S1J25TG60X1V0,147,4,3.2,8.1
G7SSSULHHDA9710N2,208,6,1.3,6.1
NCKR2FENKPGA39U63,206,7,1.5,6.1
ULW296RRB18A05KUV,213,6,2.2,6.3
M3A3718T21CTVDGYR,139,7,1.8,6.1
L1XBMYF8MVC8TG1U8,184,6,1.7,6.1
ZRESTZW70EYPJDY4H,234,4,2.3,6.3
DMLRTBGMVFNXRN2KG,241,6,2.1,6.3
TLM0B3EBZHCYFS8HZ,206,5,3.1,8.1
3Y9L4R8CZAZM40863,203,8,2.7,6.3
KLP271ZT8G9A63T4U,122,7,4.2,11.8
AZ3VDZDPRZ5GC7CUM,236,8,3.9,8.1
NVZ989GLPEZSYCPJS,225,8,1.9,6.1
VE87EKXEMKLLUB8CC,229,6,1.9,6.1
165Z27R0WBHNE2T86,171,7,2.4,6.3
GR4RB4LBN7ZCK8E6J,157,4,1.6,6.1
BAWPMU26REM9R532U,217,4,1.0,6.1
8TPM5GFC29P1SPZSW,120,7,3.6,8.1
EARLHSKMFND1B3AWC,244,5,3.5,8.1
9410JRG9FN6ST8E7K,135,6,1.3,6.1
8U0JN4NWUBX78GE9D,116,4,1.4,6.1
KA941TLCL392YAN1K,101,6,3.9,8.1
P2DZB8XUE84FT3KU4,117,6,3.2,8.1
5WZF2CX48A8XZ3WZS,164,7,2.3,6.3
5L1WV2CDVSABPWCPY,227,5,4.3,11.8
L6284352DL3Z1AMX7,164,7,1.5,6.1
NJVP28E3LPSFMRBBH,85,6,2.3,6.3
R4J6GE5FXSYVKG0YX,220,6,1.0,6.1
9GM15Z97URCK5X836,159,4,4.8,11.8
AVDDB63F3084RCCKP,191,8,4.2,11.8
KL596Z7L4MR20RNF5,184,6,2.1,6.3
VLF2VZXJLF00RN11T,95,7,3.4,8.1
1TXU545K0KJMDXR5M,193,4,1.4,6.1
SC5ZM0BHCSLTWRWPV,229,7,3.1,8.1
LM791N2KCZHTTXGC8,140,4,4.5,11.8
4UMY774KN5G4DVSGR,200,6,1.1,6.1
U5KL0UALMYW01TB0V,88,4,3.9,8.1
8NXGE2VRPSEEPFV9M,185,7,4.8,11.8
7A15TZN5V0F4EMDDY,230,5,3.3,8.1
C3FYEY6JRNHTXN0D6,131,7,1.6,6.1
P61NWFW9GZCYD129V,233,7,2.1,6.3
ESE82H29D1UJUWF82,110,4,3.8,8.1
XKXXFZYKKAN80V72M,127,7,4.5,11.8
D3Y32UJ2N67K9GHRL,246,7,4.6,11.8
H4XU1FKEHC63W8MXW,193,6,2.9,6.3
YW8VU6YP8H5NXEKUN,211,8,1.4,6.1
W1ZSVCYTN8HBK4N35,210,5,2.8,6.3
W4T7GBWURW59WL15V,165,4,4.0,11.8
J1WECVWDV68SJ91FF,237,8,2.4,6.3
59YGHPETPC4DZU7SP,249,8,2.3,6.3
MTEKG7GBAMN2Y38VX,114,8,2.3,6.3
FPYNA4AB6E7SZX1UT,165,5,1.6,6.1
NH5T0C1E6MDVDZADR,174,5,2.2,6.3
T1LRHF5UBN3AHCBPL,98,6,3.0,8.1
RKFWFAK2NXBAZP9C1,132,5,4.5,11.8
LYZA4KVW6V2TJAUTF,106,8,4.9,11.8
Y3KP1TVAMPX9L50EH,220,8,4.4,11.8
NTY8WRHBSPMKT6P1B,224,8,1.3,6.1
67TCR74UTED5RN7UU,210,7,2.3,6.3
THRJ37BA2CC847ZBU,219,7,3.2,8.1
2S1UTSN1KK8X87W04,84,7,1.8,6.1
MC5LJVVCZJ2BE5W2K,157,4,4.7,11.8
MRTPYN6FZLBH1WNFK,227,7,1.2,6.1
U48KSHVFLYVVZB0VM,174,4,2.4,6.3
M10UCFEW7THCB6HK7,193,4,3.6,8.1
K3WL8E5J3ZFE6VV7S,194,6,4.0,11.8
G9SX9CJVZM43BSCL5,203,8,1.6,6.1
NPAG5LUPNU330W7NX,179,8,3.2,8.1
YYREP3MGU9EE6UMDX,138,7,3.6,8.1
9KEF08LATNLDKA59B,118,7,1.8,6.1
TYS9UW4CEHBPC3JWA,137,8,2.4,6.3
S6G7SGW9JBN2EVH2M,249,6,2.4,6.3
X8CN44ZW8DWAHVLB0,224,4,4.6,11.8
PC2UKCPF641H6RKXF,82,6,2.1,6.3
0CS24B57SH5WT10WM,220,6,4.4,11.8
06RFZR6KL6G8457DV,116,6,2.8,6.3
V7YXEF9V7NZU6S0E4,95,6,1.2,6.1
B63NCZ71JAJHK9CCE,219,5,1.0,6.1
MAEDV25M46N9BM64A,166,8,3.6,8.1
R45X8H7NRXJXVRNKE,227,7,3.8,8.1
SR0586B391CKKLPUN,81,4,1.1,6.1
NYSWRYW6323YHALTX,141,6,3.5,8.1
VKSEJGB6NE6N6C2MN,106,7,2.2,6.3
9S8RRWVUWG4E5V7ZU,221,8,1.6,6.1
CPKHSD14ZMESU8579,249,8,3.8,8.1
66U6KRWAK265J2ND7,190,7,3.1,8.1
6XLNFSTLWS36G27RH,232,8,2.8,6.3
FULPG6XUGZNVPW16J,245,4,2.4,6.3
06BKHPRXLWBAU9BVT,109,8,1.7,6.1
9V7N8XSMP42KEH6D0,87,5,1.9,6.1
GTP83PSVC92EK9U7J,138,7,1.5,6.1
FPYHW5ALMPESK70KJ,99,5,2.3,6.3
PCXNDHM2GAV8R5HSS,190,6,2.3,6.3
KAZALK67D96YWE6WR,151,5,4.6,11.8
F15AD30XLELHEEXNL,218,5,1.8,6.1
UVJ51LZT0MDXZW3RN,163,4,1.7,6.1
NPZYP9BGYFX2TLJCG,159,4,3.2,8.1
FEA7VS4F9GEMB1704,88,8,4.3,11.8
TBSSA39783JW1ZLZN,105,5,4.1,11.8
H5P9ALBXSR0W1MMEX,212,5,4.2,11.8
TXWK7S8RSEVN9X60R,203,8,2.0,6.3
7LBM271BBY493PV8G,137,7,2.4,6.3
SRX8NX9MNX6TBBC0D,80,8,3.8,8.1
86MVF46T8BGH0XR4R,206,8,3.8,8.1
JLJ15KCLG1BYHK8R0,138,6,2.9,6.3
2EH974LMMMHA3SDVF,89,6,2.4,6.3
G97C7Y76CMYJN91A0,115,4,1.5,6.1
10A5NCMZJ0XPCPANZ,174,8,2.7,6.3
JPNYKLC4LYANX1P6K,149,8,1.1,6.1
7P8TB0DC7S2MYLH9X,173,8,1.6,6.1
AZP70EYMKG036ZJ7C,96,5,1.2,6.1
LGFHC5JRBW43V7SVL,176,4,2.6,6.3
3ZL7PJHBM9SGWUE6J,174,5,2.3,6.3
DVLSN0ZM5E0N9W5JA,186,8,1.1,6.1
2U4J9A1KRGSMZDFSE,104,7,3.4,8.1
1J5UWNLDUJZTCAWHX,143,6,4.8,11.8
FJD3XRTZC1FCV9CYK,153,6,4.6,11.8
ADUPWE7TTGCVYFAB4,110,6,2.3,6.3
5ZMV3Z5YPPCUFN4T3,86,8,1.6,6.1
7Z1LR147926YL07XK,166,4,4.8,11.8
0SFB0F5M4E169HUW7,202,5,2.9,6.3
TWEXL65HU5X7LFLF2,224,4,3.2,8.1
0ZC44VBPV8XPE5765,114,7,3.1,8.1
GDK4EXDY48CKKU8T8,215,4,3.2,8.1
9H7HG1W9KPS1UU44R,133,6,2.2,6.3
XSPSXP7XMUMRC239S,199,8,3.9,8.1
0WKBZ4CM4F6JG9XVB,160,5,3.9,8.1
8KK6ZAT1630394PF0,93,5,2.0,6.3
XD4XEPA6VL622DDLN,216,8,2.1,6.3
86900PU6S81GLS72P,164,7,4.8,11.8
ZBBS2P2P3UV6DU726,180,6,1.4,6.1
CZ61B766Z33XM264N,142,6,3.6,8.1
FXJHVKAF684A2ZTFN,153,8,2.3,6.3
TDJ4UACSH0UCUXC5E,143,5,3.4,8.1
T021PA7XLMRB97FFH,151,4,1.5,6.1
YE1XUWLVDH75AL20K,210,7,4.2,11.8
UAZHJMHTH38F0M5R7,150,8,3.1,8.1
SLXB777884EPY9CV1,123,8,4.6,11.8
LMEWJ3P6BS8T74TWS,99,5,1.4,6.1
6F8DVB7Y3TP94VEZN,203,4,3.3,8.1
61JXWDD194DYPRX6N,127,5,3.3,8.1
X7C844UC5XW00099X,130,8,3.6,8.1
NC52WJJ3JXJ7W0DK8,180,8,4.6,11.8
YWSVEU2KZG7P3XS6M,245,6,4.9,11.8
15VUT2ZA4Z1S2CTS9,119,8,3.2,8.1
3SSJ7C6TW7WANXFRM,180,4,2.2,6.3
TSHY7UEFK0MML1A39,117,5,2.9,6.3
FLUP54J24ADWXB929,210,7,1.4,6.1
9YB17C00ZPJK1S44G,146,4,2.4,6.3
LDNM9T6W9WY9DWS90,244,5,3.7,8.1
215K363AXXW34VDT8,158,7,2.9,6.3
