CX9EZAA30JSWZ01S8,143,6,2.0,6.3
SGPNBH3Z5R9SVNHJ1,223,6,3.5,8.1
2STAVUB7ZF9VJ54WA,191,6,1.0,6.1
HRF8WJYY4EXK8WEPF,113,5,1.0,6.1
J97RTVUGTVP4U69TY,231,4,1.7,6.1
70JBKXV09MJ3DKCG7,232,5,3.0,8.1
6C6F8S1N7K8LZ61NC,122,4,2.6,6.3
GE6HY4KCJBEGKFBG0,89,7,3.8,8.1
PM8ACHCF7YNREGKUD,151,4,4.9,11.8
APWRK6NJHKL217H0U,135,4,3.1,8.1
SEUKSH29TP3W046E7,131,5,3.7,8.1
MC7J2W44AXMC40MH0,138,7,4.7,11.8
LXR6KG55S7H13KS61,142,5,1.2,6.1
88FKU6DEY54P1VWRC,82,5,4.2,11.8
37NP1T8U5FNTADVR1,216,7,4.7,11.8
7UNE591K4DSTDBDCW,125,6,2.8,6.3
R6V4FLB2VXR2LYHVC,204,6,4.9,11.8
Y9PMPEDHVWACMS9HG,100,6,3.0,8.1
5A352VJZXFNJKS0GS,195,5,4.4,11.8
12ED7HN8ZP949DK8C,102,5,2.4,6.3
EH1M6SS4Y20TT6A6S,230,4,4.5,11.8
0RA116Z4UAPRCCEX2,133,6,2.2,6.3
RN0JBDZGGWPHP0D5Z,243,6,3.6,8.1
2DRE8H5HA3607MBYT,196,5,2.8,6.3
B2XB16NMJ50WMUNH9,80,4,4.8,11.8
YS50J43JLSXB10LTL,86,7,3.8,8.1
7CCPZW1U88X8GBP2R,199,8,3.1,8.1
XV7MG4S8LN81GVG95,237,6,1.9,6.1
WS2HLT2DALC5Y9RA7,140,7,2.4,6.3
NUFKJBEL62UGJEVAH,151,8,3.9,8.1
JKP6PBTKSYYHNNRYP,219,6,3.4,8.1
LK9AY8U4XHN0PRP12,98,8,4.7,11.8
UVTESL82T4BKTRHA1,207,4,2.7,6.3
M5DHG7XFSA4PYA7CU,192,8,2.5,6.3
WKK9V0PGG3HL66H2T,204,8,1.2,6.1
XKG62KAV6B1X7L2X3,229,8,3.4,8.1
MXD0ZVMDG5DJ7HUUL,165,4,2.7,6.3
J0F1S92G9S0G3EYKF,86,6,2.4,6.3
0JAWLH5R3W9MEDYAU,191,6,2.2,6.3
Z8LXE6HUYF0V35JB4,229,8,1.3,6.1
GB9M37ZC6AVPS9J22,242,4,1.7,6.1
DC9K20PANKSPXRGZZ,176,4,2.8,6.3
219ZNP2RWDF9WKB3K,126,7,1.6,6.1
GDJ4XPEZDF9CG6762,111,6,1.2,6.1
TRB0RWN0SF161SX0C,182,6,2.9,6.3
UFCC8P2HDKRJK0F83,119,5,1.1,6.1
G3TVJ6LCXRJDDYFJC,181,7,4.9,11.8
AH5JMU0AAPUSAEUAS,162,6,2.7,6.3
Y0F0XPRSVDZFWT07K,82,6,2.3,6.3
4TPBF5T9LAEAW7306,134,5,4.1,11.8
S8RX8U2GKJM97NM0B,107,8,2.9,6.3
L6EB43W1HK1S2Y766,104,6,2.9,6.3
M0HNRAWGU61N98M48,138,6,1.9,6.1
4953086LC3VN3WXWU,155,7,2.3,6.3
TVG6KUC8D6X49X5YJ,121,4,3.0,8.1
JTB055MKXC8KGV325,145,4,4.2,11.8
93ULDFTM73ZLLFTM1,148,4,3.5,8.1
UL5CS0VSLG8Z4KWEA,119,8,2.6,6.3
Z6ZK3FVA8ZDW25CRK,100,7,4.3,11.8
1DYANM63PHZVGXH6R,248,4,3.3,8.1
ZKZAU6P511UZHZV1L,203,8,2.9,6.3
UF1GAEG537A2N08RR,97,8,2.8,6.3
N65Y2TVZEDDETWEV6,166,6,3.4,8.1
ZJKYZS6Z89YBFL6VU,137,7,3.1,8.1
NGSZVU8612FSB1817,139,6,2.6,6.3
GTD1TB1M3U6ZSSZGF,112,8,3.5,8.1
RBU6LBAD2E41LESGZ,248,8,3.3,8.1
SWXJ6VLKABRF62YZ3,158,4,2.0,6.3
BTE4K0UMH1JTT6N0C,231,4,2.7,6.3
NXVHYYESP2TXG936E,186,5,1.3,6.1
WB73SGNHT9BXGGKK8,108,8,2.0,6.3
07TJSUSU3ZANBKBR5,157,7,1.6,6.1
DNB5FK12FLCXYYGWH,247,6,3.5,8.1
31WU36L43M5VSUPB7,95,5,4.3,11.8
XFKZ84VHE2HMEDV9M,214,4,1.4,6.1
8L41W5WHU7CFSWH6P,171,8,4.3,11.8
RAE8HTH2RRFX5730U,107,4,1.3,6.1
RN9FZY9GUNVJRLVLP,234,7,4.5,11.8
RYZ04AZYJLN4HZA7H,192,7,2.5,6.3
L4X13ZYUWXF346CF0,219,6,4.8,11.8
7CML038Y3WN3GEAK1,85,4,3.5,8.1
YT9V4YDU38KNZH1G8,232,5,2.3,6.3
0P0ZM6YFS9SEDEBNT,164,4,3.9,8.1
1K99VN5DPGKW1597J,202,6,1.6,6.1
PU2NPLH4RRX9S6DXL,114,6,2.0,6.3
Z0C3FFKTCMUCGG3NZ,237,8,3.5,8.1
R9U28PH052DRYPWCS,100,5,2.4,6.3
Z60CSK4NH3WA7JDAS,173,5,4.4,11.8
GWV9G2V9227DBHLG3,210,4,4.1,11.8
YUGYF4C3VDBPT8GP0,176,4,2.9,6.3
EKY9C2W9P69XJ8GHE,138,5,3.8,8.1
E2U586TR8NHTNJFFL,109,7,4.9,11.8
3RFC2SUWG3ECGFFHZ,155,4,2.7,6.3
ZHB6NAZRVN4V8XBTT,226,6,3.8,8.1
N4HCE2AJ4SH83GW4F,87,8,1.1,6.1
782CKU4AUB3W4DRD5,242,7,1.6,6.1
7KL30RZB5WPUTY76B,160,8,2.2,6.3
V9GDYUU7DYVC7YZGH,156,7,3.0,8.1
DCFKYTEJAP85CUAPK,218,4,1.6,6.1
DPK3MPC07UE1BJG5Y,93,6,1.9,6.1
NXXD194CS5WJEBP10,167,7,2.8,6.3
PHJBBLYJDW5LDUAZF,91,7,2.7,6.3
FHU7089AG8ZBS9R7J,109,4,3.5,8.1
SAVPNETA4LS4KC5AM,214,7,4.7,11.8
69Y5RG72BK357D3ME,89,7,1.2,6.1
NB6KWCTUB2B9J35Y6,136,8,4.2,11.8
D5LR3Y8W689HZRCHA,82,5,1.2,6.1
CS2D8X0F4BY6S9YY5,138,4,2.3,6.3
5NF56L0JMFUL4GHFL,208,7,2.8,6.3
877WHNWGTE9SSZ519,99,6,2.7,6.3
1P4SDW4YAB57WXTHW,169,7,4.9,11.8
AB3BP64PXDTXR52ZC,154,8,2.8,6.3
FN3PNANDUJF71ZNTY,198,8,1.9,6.1
NB19X3FR6VVE6VHJN,94,6,4.7,11.8
8RD06NX1XCLELZ09M,98,6,3.8,8.1
WGS0VM2N0DP0KGN6C,88,6,4.3,11.8
2A59SD0UGZDP5VXZ4,240,5,4.8,11.8
0R1Z8ST33B62K4HBK,83,5,3.2,8.1
WU98XG76CVX0XXXY5,147,5,2.0,6.3
K5FD4DNGA1P2FZ8KH,174,6,3.3,8.1
ED1ME2Z3FVX57SN1S,161,7,1.3,6.1
E4T8LM1777F7FT0RJ,191,5,2.9,6.3
ZSCNAA4E0A9HSAJ16,223,8,4.2,11.8
P6Y9WYA6TD7UYT8W3,156,5,4.5,11.8
ULTRNF06LUH8H5E8S,112,6,3.8,8.1
A19883TN2M6RYY50X,174,4,4.2,11.8
20SSDN82263G4R1S1,249,4,1.7,6.1
10L3DXJ8RLAXX2WXX,146,7,4.6,11.8
8MNSHTGNCCD48J8HG,177,8,2.6,6.3
BUMKVGCTR6WGN1AAH,155,8,1.3,6.1
Y29VFMYTPZ542K4BG,215,4,4.9,11.8
606ZDMWN6HPDRAK53,187,8,4.0,11.8
7HT1P1WDWSW8E9BUY,199,5,3.6,8.1
SVV51LLKGGGS47DW1,196,4,3.7,8.1
YME1SLGPMZ0G5VC9B,223,8,2.3,6.3
G545MYB6K2U9KSW5Y,153,6,3.1,8.1
4TKYHDLV47Y4EH0R2,234,5,4.6,11.8
B9HFHMRHBX1X2097L,129,6,4.1,11.8
BS1LNA0NY70PEK370,234,7,1.3,6.1
6B01U8BTHMAVGSX3D,161,4,4.4,11.8
Y09KJERBCVCKTSYJ5,157,5,4.9,11.8
2Z2SRX4L7606WMTB5,104,5,4.1,11.8
7C6BLL681Z30CP8DC,203,7,2.3,6.3
6ZL51P3F1Y11P9PJD,236,7,1.1,6.1
7559CULY42TRNJT72,95,8,3.0,8.1
6X127PRWDT4FGTU8K,100,8,1.6,6.1
UVLNM0E7UCDNWLYKE,223,4,2.6,6.3
PGF72L4VDYE1PHWSC,91,8,3.2,8.1
J44MDJ06KZGNKLEZJ,144,5,2.9,6.3
H23VBMY241NEJ2E9R,215,7,3.3,8.1
H9Y023UJ2ZU0Z76T8,88,7,1.5,6.1
8US1TPWFYSZHU2SUG,207,8,2.2,6.3
HMKNF5PBFKL93XDXA,148,6,2.1,6.3
M6GDVBB82E3J7ADX7,135,6,1.4,6.1
22A7A24THK3PR2CMV,209,4,4.2,11.8
YC2MV872C3JMCB0SB,175,8,1.8,6.1
UDAB9ZNFCRYS42XFP,110,8,1.8,6.1
CBHK21WCYNFZHEV2N,106,4,3.7,8.1
2DRKA3C2437CLB2HL,244,5,3.7,8.1
CJVZLG1XAU23RYHEF,140,6,1.4,6.1
5VTL509PXFC9L2L92,87,8,4.6,11.8
JXHXLDBKLHPRRTXK2,237,7,3.5,8.1
LKW89TMWB0A8C708Y,127,8,4.8,11.8
GTY7841WD2P92DCN3,245,8,2.2,6.3
VFP8BZUVALDPZPAC1,117,7,3.2,8.1
V5XLG36R1XL6VPAFM,182,6,2.2,6.3
87A35DULHRVEAW7LH,239,6,1.4,6.1
XYVMXHXRYZNCJXZXD,80,5,3.3,8.1
73TFWZZPRJM7ZBX4B,195,6,2.2,6.3
GWXERJTUA0TKAPBXT,102,7,3.8,8.1
GTBR77Z4Y4XKNYPBG,101,6,3.7,8.1
J6RMFUUA8N8KEV90Z,183,5,4.5,11.8
VHNSY0JDUMR63XJJA,124,8,4.8,11.8
7SPVAFRYXV995PJ5L,98,5,3.7,8.1
7UAX4MS17PJRNY40M,105,5,1.6,6.1
S4MA2KS8FACJ5VC7Y,207,6,1.8,6.1
BZSCKMHSR55L528SJ,156,6,2.3,6.3
4YSSXU20WVLN9RDFE,145,8,2.1,6.3
FAETY8B4DAN3D830A,212,7,4.3,11.8
PPTJK6JF3S9E5B7X7,215,8,4.0,11.8
E1G1VU18JSTJFE090,186,4,1.7,6.1
3LM4P3G2TSAT2V7LG,210,7,1.4,6.1
K49NVJNN6D1XZ91XS,99,8,3.6,8.1
0VKZ13HPU2W8FLBDD,244,5,3.1,8.1
JYS9HM3C6YDVENVU6,114,5,3.7,8.1
T8ZH4JBV42GBPP44A,200,7,3.0,8.1
PX3BLCBFTJF9GL275,125,8,4.3,11.8
FHZUEUCPEYVYV3UBB,142,5,2.3,6.3
6F4R80NXMAJXVRJB2,158,7,2.7,6.3
3EUS2NS92BCU8G8ZV,137,7,3.8,8.1
6B7PYS3G7C8U368A0,188,5,4.0,11.8
D15MEW3RJJ3H9XNBL,211,6,3.8,8.1
HJBXZPRRUUA0TLPMM,179,6,2.8,6.3
WXX4UY4FVUYH3RYTH,201,6,4.4,11.8
2V5HGE12SXWKWE0LB,118,4,1.7,6.1
KYDSM0EXUATZ7Y1H4,80,8,4.1,11.8
R9GT4TUEXJXPB3MT5,169,6,3.8,8.1
50XBGFBAE6P3LWM2M,211,5,4.5,11.8
LG01KP7AXR568MZFF,133,8,3.3,8.1
0P2KHKN84A52J0YTF,224,8,2.8,6.3
FS0RUTLMFLW08D8FD,191,5,1.9,6.1
63TEBA62B2P1C6LFG,171,4,2.6,6.3
B4LPST8T5VLVR53DL,236,4,4.3,11.8
56TNCYEKDDEWFCW05,214,4,3.2,8.1
ZWUSUR4W6W4TYBS9U,163,6,2.3,6.3
F6CG8L1RUZ105ZZFG,217,6,4.5,11.8
11VUX1JCC5EXME0K3,110,5,3.9,8.1
GR30L7ZW6F3SPSETL,213,5,1.8,6.1
TNYTZFJ292YF06N2Z,159,6,2.9,6.3
2KMJ8GRNJYE7EH2VU,217,8,3.7,8.1
XZYNZJ9WP6AAKSXGG,225,4,4.3,11.8
WYK502XTL2H8V4RYY,96,8,2.9,6.3
9A4X5U010DR6J9216,100,7,3.0,8.1
HCWR2W8FXGFC17ZRE,234,4,4.8,11.8
P0VBSESZBXAYWM5Z5,228,6,4.5,11.8
0ATU2XACK2N8ZWU9Y,140,8,4.9,11.8
3TSNTWXNP7E0G0L9E,207,7,1.9,6.1
B61FAZJZF8HHD1B9D,203,4,3.6,8.1
M3NUYYSFXNHZLPGR1,199,7,4.5,11.8
6UJSA10G46MHCV63U,140,7,1.6,6.1
M3A60AFSUJ8E7X0KH,138,5,3.4,8.1
33K1NGYGLGXGRYCLE,158,4,4.1,11.8
2KWE54CC5DY9GG556,122,4,1.6,6.1
K8KMMJS3GT3P51Z6E,91,4,1.0,6.1
PJZE3ZJXE81W0YCMX,198,6,2.0,6.3
CCA8C12MHGDZFYTKA,135,5,4.3,11.8
HDDR0DDYXUG5M4K2A,183,8,4.7,11.8
5H8J7FHH8FKDYBDY8,207,4,1.0,6.1
X21UPX1F9YCKNVSXW,118,4,4.3,11.8
TU3MGPEC3C0KF8Z7G,242,6,1.6,6.1
K7M3DYU0KYRVEG6DJ,99,6,1.0,6.1
B9SEM03SU98XF54XT,219,7,1.0,6.1
H7V8PMWFUR4X4P5XT,237,7,1.6,6.1
NJBE652L2LZUZX4RD,176,6,3.8,8.1
GK41L6DNB3L235FG4,128,5,4.7,11.8
0U5PS0DGWK1RTHC52,177,7,3.7,8.1
TRHMH2T0RHLCWVVE1,111,7,3.5,8.1
57CGJE3RVCC17518G,165,5,2.6,6.3
F6C7THKT7S7S0VVKV,143,4,4.4,11.8
NL7V6N0Z15Y201E4S,157,4,4.5,11.8
8H7A9M0XHPG0RTY3U,118,6,1.5,6.1
XHWH437DBAN18TSC4,149,8,2.3,6.3
A390A54DPWT93E60V,94,6,1.9,6.1
BRG0MZN58CA4S9GTR,94,4,1.1,6.1
WGBWX9G139JVNL35Z,136,8,4.7,11.8
MVYLTJSFMXAYBNVHM,170,6,4.3,11.8
B3PGHFFK2B3EX4PEC,164,6,3.3,8.1
RTHB00LLC2EXG01BE,247,5,4.4,11.8
3SMTDE5AWJTPM3951,124,6,2.9,6.3
LR2ZAL5E02PY79CBX,181,6,3.2,8.1
FK816ESCTWV6S2K84,122,7,4.5,11.8
CYRGHMTV6EU6GC9B3,86,8,1.6,6.1
Y5C4UXRK6Z1GZ4R07,130,4,2.4,6.3
6EJ2VPZC1GW3GDWX1,186,4,2.1,6.3
ENJMG3233WEYCZWZM,91,6,4.9,11.8
NKB8R8T1YW8R2ZYAX,198,4,4.9,11.8
NASM00AHXTCMLXUW9,163,4,4.7,11.8
UNWZYZRHGY6175B83,231,4,1.8,6.1
Y85HFTT0657M8SKRE,111,8,2.1,6.3
DHKXN87X8YC9XHLP4,201,7,3.1,8.1
4ADF2C5H33LRW4LC3,177,4,3.6,8.1
LDHBYX8NV74G83XTY,96,8,3.3,8.1
3CG4PRXMK99X3B2JM,188,5,3.1,8.1
N2RCFVHAJ1X3U95AF,90,8,4.7,11.8
ZHP7S2TAF4TPDSXNE,221,7,3.7,8.1
F9YWXLJW2N3GYY84Z,241,8,2.6,6.3
X31W6RE6DP7C24AUK,164,5,3.6,8.1
4GEB2HRSWR6LEX6RL,133,8,1.0,6.1
Y7A8637LXU6LV448A,127,5,3.6,8.1
RK2J8DC432UEEKNFJ,132,4,3.5,8.1
5E0BV8N9RCFT3NN9T,110,6,2.9,6.3
06PYFYA9YF9SL0MEG,229,7,1.7,6.1
7E7HUWZTGP5F3ETKT,250,6,4.4,11.8
895GU1RDFUYLXYA15,206,5,2.8,6.3
M1AJESV9LXE3P15BP,161,6,1.7,6.1
LDAK0PXTWNYUV5Z77,177,4,1.5,6.1
ATKN8AMV21GZ6PPHH,135,6,3.6,8.1
LLYY3GDB6BJ8L39AN,243,6,3.7,8.1
6S8Y6CFA857T4R87E,114,7,4.3,11.8
VP9ADZZCSVDETE4F7,194,7,3.3,8.1
RRTBA3L3YB5SCY3BW,150,4,2.0,6.3
CBXMYK871K4V3TJNZ,142,8,3.7,8.1
M0JFTS3YXLUCR7PBT,134,6,4.0,11.8
0SD9X33YGXYEU09E3,101,5,2.1,6.3
NXBYPTDAAV9UB42X7,237,6,3.6,8.1
C49J5CT5UX5KZR9PK,150,4,3.0,8.1
1B9PSE5JSCT5CN9V4,117,7,4.1,11.8
G0EVJUUR9J5J4CDHU,179,7,4.1,11.8
PVXVAF3BYA5EA5LT1,244,5,4.1,11.8
B4185BFHCDAWKSPY3,130,6,3.3,8.1
S64A1H04ABUE20RW8,93,6,2.9,6.3
GMAHK4KGESY4UM9K2,124,4,4.1,11.8
9UGLF5VS2R8V4ANF8,90,6,2.5,6.3
74JYX3NW8W4W3C0V1,85,7,4.5,11.8
C4HSRZVW175EDZLDE,174,7,2.4,6.3
Z4VBBXKVWP5X63X70,232,7,4.8,11.8
W592XGK2S4UFU4ADE,171,8,4.8,11.8
XK8ATWP5AUJRX4N4T,149,8,4.0,11.8
6FAYXXUEUXDCU6BT2,201,4,2.6,6.3
2RRGD0PJ7ZLBKLF38,213,8,1.0,6.1
64D61FMR272NDHW58,237,5,1.1,6.1
RUY6S4R2DFPWD9B1M,208,8,4.7,11.8
9BB4H3J3ZTKGEG87L,125,4,2.3,6.3
SVPF5XJ1TSTC457G5,138,8,2.4,6.3
VA0HZVJJ76PKNM7T5,152,5,1.1,6.1
R3TE55WPK5KSM081X,209,8,3.5,8.1
NBG9E5DFY0YCFFJFF,213,5,2.6,6.3
SNA9ZPJWM3FTW15KB,181,7,1.8,6.1
2X7KDW7GLM0Z9CNE7,168,8,4.1,11.8
J1SYBSRTP3A8C1A12,226,7,3.1,8.1
NF99MWU8C6R9JKWGX,137,8,1.0,6.1
APU6MF1KWZN4HMF2M,227,4,2.1,6.3
RSUJDP14MDHMVV1D5,104,7,1.5,6.1
ED6AAAPED2VB4LJ3B,241,6,3.5,8.1
625MKWWWAYSPJ3JAH,248,7,2.2,6.3
LVBDCBPGT7CSKJFAH,182,5,1.6,6.1
KKPSTU6N7TUKM3A68,198,4,2.5,6.3
SK8HHJA9YMESEDT2E,165,8,4.2,11.8
BLKH7R4W4RFK5BDRV,141,7,3.6,8.1
5VH17HTW8TX52V2JA,108,4,1.7,6.1
WRSSB73EPHY0L28H3,171,6,3.6,8.1
9T72SJGBWHHJ1T3G1,202,5,3.7,8.1
REA5799RAVJNYVSLU,125,6,2.0,6.3
GX0LJ9WFNJB06T0M7,232,7,1.6,6.1
Z901NRBGVREVS36J1,101,5,2.9,6.3
T4FTNBVRCC11U5D0A,229,6,1.4,6.1
NGYC330PRR09K4PX1,130,6,4.6,11.8
759G2HUNCYTBPZHDH,186,4,1.2,6.1
6TUD3606X7KNBL717,148,5,1.5,6.1
3TE2FC1R8DY7CL8H6,91,6,2.5,6.3
SHVT02KJYE207SH8W,238,7,2.0,6.3
CGR24J4ZE5751BLAL,94,7,1.8,6.1
SCXWYBWS7NU483KAW,82,5,1.3,6.1
CTMG6V21SX9NWZT2T,218,7,2.3,6.3
P063YC0LCWPGK4VKX,140,7,1.8,6.1
SS9EVBY82WZ834TFV,232,7,2.3,6.3
UVA1WW42JH90F0LGW,113,7,4.4,11.8
GWCMB7S3UKKUW5HP0,200,5,1.5,6.1
9JFSBHDE3A32B002G,159,7,1.5,6.1
R32KC7Z0GMAHWHJPM,104,4,4.4,11.8
270U54ZUJFVWXVMSZ,245,8,3.5,8.1
ZDGFJ1MCLNJ0LTD62,195,8,2.2,6.3
4H0BDHRVG6J0DBSGZ,80,8,1.6,6.1
SRTU4NERDD8M8FJ56,91,6,4.1,11.8
KC92VBYXD43R9Y8N0,148,4,3.3,8.1
GFY4YAKA4EA6ZGSW6,101,6,2.2,6.3
GM7WJN4S783GWA4C1,173,6,1.6,6.1
HCYZTWNK2TJE28TYH,142,7,2.0,6.3
X5JYAA3SL9CN137H4,237,7,2.4,6.3
2TTY6J9AKYEDZ0LWM,230,7,3.6,8.1
5GRB6SPRSEFK28B61,230,8,4.3,11.8
7150E4L0NTC0LVF0A,197,4,4.4,11.8
86WCW05V1WPPVG5DW,164,6,4.5,11.8
80FGVG5EPT85DNSEZ,119,8,1.7,6.1
LMKLN3U9W39JR3LCY,164,7,1.9,6.1
4XJUVLZAPEN6CSF5K,176,4,3.6,8.1
14DMSC18GB0XKMBNL,161,4,2.8,6.3
PA1ZMBJATC1RK726D,140,5,3.6,8.1
HSP28L6RAFKF9CDVB,173,6,1.7,6.1
FFHSNLVSCEPBMXEHN,155,7,2.5,6.3
81XA8DSW0RW2SRAW2,186,7,1.9,6.1
Z9UXMZ84XRYFZUJTE,220,7,2.5,6.3
NSHJ879S2RTL9W6K1,136,4,1.0,6.1
TE16C7D467SPYGSLL,242,4,2.0,6.3
RLJYFFWN7NSTW2003,239,7,1.9,6.1
T1XSVSNHKBJSEYPD9,248,6,4.6,11.8
8DGV0JE2V1XSBXY42,235,8,3.0,8.1
GSTDYGK8KUS5PS2B6,154,4,3.7,8.1
VPWMN8Y04YVSVZ7H9,192,4,1.6,6.1
FGW3EY62FMYKRX9KK,82,6,3.7,8.1
1KPDB8JJ32FNKZGR8,139,6,3.8,8.1
W76HVNGVCFPJSV40E,82,6,3.0,8.1
3GSJBKRT4ACE5VAY4,156,6,4.9,11.8
FRLMX0TELA3CY6K07,126,8,4.3,11.8
2LWJ20CJRWEB6PPB8,170,8,2.7,6.3
S47M4JHR52N5B4G0U,194,4,4.3,11.8
GGTG97TAW3SMKHPVV,101,7,1.8,6.1
ASCPHVY2EPGRAS86B,161,6,1.3,6.1
VW8M0PAET6SJG00NR,147,7,2.5,6.3
JSBDBYATLN65MP6E4,123,4,2.6,6.3
JMTELH35N685G0SUW,145,8,3.3,8.1
FLYTG1ECM1PDTW2P0,228,5,4.9,11.8
YSU29KK0BWV3F2MLX,94,4,2.4,6.3
2PZ044YCWRZB7M9E0,190,7,1.1,6.1
HC7XTDF05ZCH1MWK3,111,4,1.6,6.1
YVEFNWBE63HWAZAAE,205,4,2.7,6.3
F21GBNBXXZ6UXE5LL,234,7,3.4,8.1
3SPHYDJK1N2W64UY0,87,7,3.4,8.1
4PB5VVPC0AJKYA0R7,149,7,3.1,8.1
V3JW9VJ8303F5EW0D,114,4,1.8,6.1
AGFLRERLN1ZTJWTDV,211,4,4.4,11.8
FJ4KN3PLA5LXEH3PS,201,6,4.1,11.8
217SCRCD558SP0KH9,152,4,1.3,6.1
B495B19VG0LGTG109,155,7,1.3,6.1
1R29SNWBJFD6PEV1C,231,4,3.2,8.1
ZDS0ASV9Y9UY4PANA,228,6,4.1,11.8
YULA66TCSCASHFPSD,186,5,1.8,6.1
7J7K5ER9KKZME9AUV,90,5,3.1,8.1
TRFMSYR9P2SA90EA4,187,5,3.1,8.1
K1KSW086X809SLKHH,193,6,1.0,6.1
6JUUBKKVJ8SPLT4M4,202,6,1.3,6.1
CECVFHBWK9LV72EBW,198,5,3.2,8.1
6ZV1U3HSLDGZL2C8M,130,6,2.9,6.3
17YVP9PTM37U05WZD,143,4,4.2,11.8
UV3SYFTV1KALDHBJ7,139,4,3.0,8.1
KY987GXF709B521NZ,169,8,3.2,8.1
HSVJRPD5SGSXWX49C,197,7,3.1,8.1
NKA97VY2SHG0DPFBW,111,6,3.4,8.1
42SAJMT82SUS54CPS,206,8,2.0,6.3
JDELZRSEGE6UZERGS,210,7,2.7,6.3
8Y5TPALER204TKU43,229,8,1.3,6.1
MPUMW8RALDA58CAPZ,172,5,1.9,6.1
HJW9KGPCF0K03BLWA,143,4,1.1,6.1
MXSXDV2X68TXN4HY9,92,6,2.0,6.3
08X5LC6BU1RM5RWLS,219,4,1.0,6.1
DN18BJGUU692R030G,164,8,2.1,6.3
S53PV1A84VDD5ZX3Z,137,4,4.6,11.8
G48U315J7PC4XG055,235,6,3.6,8.1
MMLEDXHDR8VDD1HJB,199,7,1.4,6.1
NCZ3BLD6TYLDRBSGS,225,5,4.8,11.8
305VDCXU85DM0MEPD,207,7,3.4,8.1
UDLXYUGFWJC2KP1YB,111,8,4.8,11.8
MGUVB0YDNNUMEH69F,104,6,4.5,11.8
LCSBZ9M16D1329MTD,140,7,1.6,6.1
WB4G1JGWSFCJ3ARCM,243,7,1.2,6.1
AYKR2BU6682GP60UR,221,8,2.1,6.3
0LT4B6XWF2E868PVA,214,4,3.0,8.1
3GW7TTV7DER1GKD0E,128,4,1.2,6.1
A396GAMYHBFXJUWD2,152,4,4.5,11.8
8CLHEH93GK9FK02SN,228,8,1.3,6.1
SPUTCGGWWRYMGZZCD,106,6,4.5,11.8
0A6SBVLUJCC875S98,119,8,3.7,8.1
38SNL8M0167MF1TZ0,183,7,3.9,8.1
JP12JA2VX6WUHX95B,130,8,2.2,6.3
VYZZNLEWXYJ4AC7YN,224,5,4.5,11.8
GJ14F7TWKE4GDVDJ8,176,7,4.7,11.8
CW66LD5CHFP7N0XYU,246,5,3.2,8.1
XGSU8GCC6K379A413,146,6,2.3,6.3
1VPM5R3NNP7EXZ2XZ,216,6,1.4,6.1
7F2K21CBTZGMN93N0,141,5,3.1,8.1
E9RX33ZNSC865ETTH,82,7,2.1,6.3
LHDYFVJHT4FPBN8UY,214,6,2.6,6.3
2C2754TJDZ6P2FNN2,249,6,3.1,8.1
8HCY6TAPN57YBKCZY,115,6,2.3,6.3
SE98WEJP9DST19G3L,134,8,4.6,11.8
C2V2AXY6AKHA8PEJZ,163,5,2.9,6.3
DL7WXFHV92WAC3D0Y,84,4,1.4,6.1
JZWU0TW89WNMUPBGE,87,8,1.0,6.1
JADS71225D3A5LPBZ,149,5,2.4,6.3
W4LU6AC631NF3JYC2,151,4,2.3,6.3
E052E6HYPHY1SKWX5,250,8,2.7,6.3
H8NGY4FFG7BLG1CWR,250,6,4.1,11.8
GSHV68N3YRB6ZR68L,81,4,3.0,8.1
F9UEJBPJYNHVS21WY,112,7,1.9,6.1
VR0DC7WWG0SDXTYW3,204,5,4.6,11.8
E7Z7EVPS0CAFY1LYD,234,8,3.1,8.1
7JD1BLGTT186T1ZRV,120,7,1.8,6.1
XMXMCTZULC69KNVS8,164,4,2.0,6.3
B0332SPCBDUZTKU9B,96,6,3.0,8.1
CRAKNK25281J17BFV,165,5,2.2,6.3
WJFPN2VY7SU62EUBJ,185,4,4.3,11.8
1DAW6RDL6M2EBRP3U,235,8,1.1,6.1
FC15HP83KE6RSCJJS,146,7,2.3,6.3
42727MACXVJP6X6G9,209,8,2.1,6.3
KN3Y3B0J4D0HU3N7K,161,6,4.7,11.8
69HYVVCP1P9620VMW,248,6,3.4,8.1
797J6UB2KFNAXTJJY,175,4,4.0,11.8
BC1KVFRKV0FP08EV4,100,7,3.1,8.1
MK0A64H4C9G4T3ZXP,118,4,1.2,6.1
2E87HL6D18BFKBRD1,187,7,1.0,6.1
YJPKJKLTYLND91ZUR,97,5,4.4,11.8
N7FMSJH5P7UJ9ESN8,202,6,1.7,6.1
U27DGNU0L31CGCGZS,188,4,4.7,11.8
U3PZTJ3FJ1WHCZUEE,177,6,1.3,6.1
PGKU78ZKAEAP4Y55B,119,4,3.4,8.1
WMZLESL92JB29SVFJ,248,7,4.7,11.8
NFPC9NPDD2J5DV601,81,5,4.4,11.8
T6X67UFBP2Z52UP5A,152,6,3.9,8.1
XLE3WSRB8ZMW5WVU3,227,7,4.7,11.8
E1SH26N93LDEDF0AT,144,6,3.4,8.1
TW8VAN8KKF1UJE021,116,6,3.7,8.1
GEUP7D2VTTRNP69R6,249,6,3.0,8.1
1ATZ2FYH48Y4TLR0M,175,5,2.1,6.3
NGU8134BTGC59ZPCD,107,5,4.8,11.8
D41T7CP49ZBPVCE8W,117,4,3.7,8.1
A44K2L4ZTJFVUACGK,114,7,2.1,6.3
Z9HE8HU0X55WG19LC,226,6,4.4,11.8
S17YYDJHUD0HWY48W,143,6,2.2,6.3
2TWXJ4F0GKWBAXXZP,151,7,1.0,6.1
TN97XPFK7VN2VGBNF,199,5,3.5,8.1
3T1RYYATZYDFEB6UZ,113,6,2.9,6.3
ZLM7ZNUZ87FV6R9H7,165,5,4.4,11.8
F1AZWVM8P8NZ9SMBG,123,7,1.1,6.1
NSNU67U866PXW8UTA,207,6,2.0,6.3
G6SFY3KU8FADX2AUK,155,8,2.0,6.3
LS79J3GXR7UVCBK06,247,7,4.2,11.8
D6TR2A1MS7E07MLVK,138,7,1.6,6.1
D1ETMWK4WEJ3KUNTJ,156,4,3.0,8.1
JF2XYZ9YCU9PFVX2A,155,5,4.3,11.8
05AD21VPFU7LA4T7C,250,5,1.4,6.1
U9RAEBYKLW33J142E,174,8,1.4,6.1
84YE27PC61S664TVU,201,6,4.9,11.8
2WYDT66733P6MW0YE,169,4,4.7,11.8
WPDKX2XNN8K71G291,148,6,2.0,6.3
8PRRK1PBNC5Y8UKH1,183,7,4.8,11.8
2W0SAS2T33UHT9LEH,132,7,3.8,8.1
F90PRPL45G9HLKNLK,194,7,4.0,11.8
KDVUP52YBELCZ2HGA,124,5,4.9,11.8
XJMEYT8FZLY9ALX75,245,7,1.0,6.1
XW2PW6G2059SXXDYJ,119,8,4.6,11.8
BN96CHVR6B6AUDY98,135,6,2.2,6.3
ZNW4JHSCWNSYPUC0M,184,5,2.9,6.3
FYVRV2YKNKU62B3M8,98,5,4.4,11.8
E2588P7DEB4NNJJGW,246,8,4.8,11.8
0RJDW9V0RHKYRNXWP,189,5,4.0,11.8
MKWUENMJLJ30EDLUW,150,8,4.7,11.8
CNVXVSAU6PV37JTN3,198,5,3.9,8.1
Y1YJ75PU1V46228JS,198,8,4.8,11.8
5Y2FZEVSDKV9ZD46R,242,6,3.2,8.1
F2JCTS1KEUDLXDCVD,165,5,4.6,11.8
R80P6PJDFGMYT4HA0,186,6,1.6,6.1
R3FC33R1T26RLB9Z8,88,4,4.1,11.8
2MKLNBBW2FJW8YPZV,132,8,4.3,11.8
6TUDHWVA72GYBAPDK,162,5,4.2,11.8
2D2W6GPK5YESF8DZW,153,8,1.8,6.1
5H2Z462YH0SM5G0GX,121,7,2.1,6.3
NE87615E0R8WTNADF,112,7,3.8,8.1
GVRZ7FF49H45V3CT4,185,4,3.0,8.1
CX72M64GZPFVZGHLA,237,4,2.2,6.3
5W97MBWXKEE3SHXU4,211,6,2.0,6.3
B9RYK225E2C97J0N6,88,8,3.3,8.1
YAPCW02RB7C7DU7B4,125,6,3.2,8.1
SPD7TD37KMXZAM4J7,123,4,4.1,11.8
12A1FUX97T7AS8KYE,160,5,3.3,8.1
VVTNSYDE6WAMS249J,241,4,2.6,6.3
WRM26U54S4T7B0ZUZ,192,6,1.7,6.1
BPMK7R9KJSA7M688L,137,6,4.1,11.8
H8LTF8FH22SX9H0WY,160,4,1.5,6.1
0GW7JMFDAAPT1B1AM,223,6,4.4,11.8
0RDPDZGYYH2ATBYA0,131,4,1.7,6.1
TG9ZL1W5BBBUVWTJK,234,8,4.3,11.8
P5712UVDERUWL2LD4,221,7,2.3,6.3
KVPR4BZ7GRF1XGSGF,93,6,3.2,8.1
X8Z71Z8RAC8D4JP13,149,5,2.2,6.3
MW5W5GEBU68M6GJ7K,170,5,3.9,8.1
B3P265JL143DWSDPT,160,8,3.6,8.1
YN1DZWW27PU0PX2SJ,198,7,2.9,6.3
ZR82YM6JCBSXG7KYS,235,7,3.2,8.1
Z68TN350PES3G1JUC,150,8,4.9,11.8
CF5F1985V71SVDT4E,157,6,3.4,8.1
GX84HT96KY93LVPS1,123,4,1.0,6.1
FBW3X8W8G421AYH7R,179,8,1.8,6.1
Z0L8V78RKA80B3B2J,234,5,1.6,6.1
P5ZMGGTC77LZGWCLN,199,5,2.7,6.3
LS7F71AJD4RGEY93D,242,4,4.8,11.8
8NCJUMRE5V23NRL6Z,107,6,3.6,8.1
TWCZXA8CK08X30FM4,181,5,1.0,6.1
7U07K0RCP3S1F4LUP,144,7,2.7,6.3
N0C8H21ZHTS5FJ5LG,86,5,1.0,6.1
X1K7LBT7XYPD3B940,213,5,4.1,11.8
WK5JUFYEF8MB6PSJ3,132,8,4.9,11.8
JL3BCGWF4JARH67LD,117,8,4.6,11.8
N26ET3REHGWVVY38D,250,5,3.6,8.1
TWWKG3DLEDV6P6APC,129,8,4.5,11.8
GPKCF0LC6SGY1N2W3,119,5,1.5,6.1
YTSWRLANGH8GBA2JP,220,8,3.6,8.1
9YNFJSNVJYL35GZC2,144,4,4.1,11.8
N1FXSSPRNED9MEPWN,159,4,2.0,6.3
Y1Y25CKT1XHL9NTLS,91,7,1.6,6.1
BJY3ZEEX7E5YMBE3G,116,4,2.7,6.3
13TF7CAZX486FA7UN,211,8,1.5,6.1
FW732EYXB72X773GD,105,8,3.7,8.1
5NNKZNUDNUWFFBNZ3,170,7,2.0,6.3
PVJXPXN802B48SB70,208,7,1.2,6.1
FUF8B5FLNXWYKK8LY,223,4,1.1,6.1
35CHUPA5HWAX2V4NJ,208,5,3.0,8.1
R7TB5PD5SX9E519L5,133,8,2.7,6.3
SS7BTYGA463SZLAAR,129,7,4.6,11.8
3540L0X7F9BSFMDYW,82,4,4.1,11.8
E5FRWJ3P0507NHCC1,156,7,3.2,8.1
BJHMHPA9SV78JP8YR,195,6,3.7,8.1
CM8LDNXLYHG88X6AP,112,4,2.9,6.3
GU6L7BLSEVW0Y737G,81,4,4.0,11.8
77YZCXDN4DVYB5PWE,161,6,4.0,11.8
BB9VA5SYHSAMH6EW6,90,5,2.9,6.3
LFMN9VVLHCJSDRBJU,126,4,3.2,8.1
DCH3WJGAJ5A9W7SLM,167,4,4.4,11.8
GJCKY8DJWK8MX87FP,137,4,2.8,6.3
TV2B3XN13DRF97105,227,7,3.2,8.1
PLP3JVV4WP97974AL,98,5,1.8,6.1
A0L9J39UYFCMXVWPV,185,6,4.3,11.8
8U3PU30TYY3LLA43P,171,4,4.0,11.8
3PV25T9AUFKGR2X4X,127,6,1.8,6.1
K88NZV1W7N9KY2XYZ,116,6,2.8,6.3
CBC7UF7HZLRWRL4LN,197,5,1.2,6.1
0J1H9D6NCZL80WXZH,240,7,1.3,6.1
83P13X4DFZ8X4GRCZ,139,7,4.3,11.8
S82ZZW7XSRRPC2ZFU,138,4,1.3,6.1
JBH26AJ43CESHRLLN,238,7,3.8,8.1
NLF8N69BDZ5BVKUZC,244,7,1.4,6.1
8BDP02HMP1E62AXGU,179,4,3.9,8.1
YNR29VBYJLTT35HV8,192,5,4.4,11.8
XCV79FB9KZ6Z0RLN6,183,5,1.6,6.1
DE1WLYC5SP4R46ZY2,233,5,4.7,11.8
TTPMURRZW1W73LCBJ,101,4,2.0,6.3
4YRFLNC151B9X5YNA,139,6,1.3,6.1
9DL4R8ERWC3X52BYJ,92,8,4.9,11.8
U7X4S10B2R6K08RWW,100,4,2.8,6.3
80NMC5Y70UEZ7YPG6,186,8,2.4,6.3
XAJF3VKV8ETTED7N4,229,5,3.2,8.1
EDVAF6BRTMXXC331N,203,8,4.1,11.8
51F45YSN5UM670AUY,170,5,3.3,8.1
YXG1391H5M68GELCK,139,5,2.1,6.3
1WC8XGLT0KPBM4Z45,102,8,2.9,6.3
UTWGVU72FMBUJV3WB,115,4,3.2,8.1
EWRR04RA1PTYCPCL0,185,8,3.4,8.1
GFU1JFTECRPH4DU2A,220,4,2.6,6.3
33ZCCPE65KPMY4XFV,163,4,3.8,8.1
K89N6ACX19H24SLYB,241,6,1.3,6.1
Z5XF9P3HVJECMTPPK,115,7,2.7,6.3
28S7V2L11354P3SF6,101,6,2.1,6.3
Y5E0PJWFXCFT42EJG,207,8,1.2,6.1
8A9YZBT2N2N2RC82Z,198,7,4.8,11.8
2MTMUTERZCEGBPL4E,93,4,2.6,6.3
7U8DNNN4GNSKDLY5F,103,5,1.2,6.1
TDT9X6D2LSR7X6J9C,111,6,1.9,6.1
T3MNXWEPHJNJZLKX8,203,4,4.3,11.8
DUFCDZPMM8BMA551P,208,7,2.3,6.3
GL0LPPGAZ7M358H7D,180,7,3.1,8.1
7RZJ0VKDPBY05YUE5,93,4,4.3,11.8
DWVM4YEDXV2DFHTK9,200,5,1.3,6.1
KJ4EXYAMB77R97D5Y,80,7,3.3,8.1
V8LCT9H6M143DTYZY,196,4,3.8,8.1
F5FUU9BEVKMK1RRWJ,186,6,3.6,8.1
CDLDVCEAX8JBLH1K5,122,6,3.9,8.1
NTAYD2WFJA1931F6L,123,6,4.3,11.8
L6AW3DB6EACE01HAW,123,8,1.5,6.1
DWNA4KNY0ECH28NLX,85,6,3.4,8.1
4L2G5C000RNCFA1HA,190,7,4.9,11.8
CZ80FEBY96NYWK3WS,174,5,1.7,6.1
MHM6MSYE6PJK4K4RM,205,8,2.9,6.3
XXN6GBXRMT4TFPN2T,137,7,2.3,6.3
3VVK5CZR5Z8FF31EC,228,4,1.9,6.1
TBMU63YYNJG3DF4XX,242,8,3.7,8.1
58RU1D5U6U342755X,125,5,1.8,6.1
91JG1ESDUFJH8FGU6,133,5,2.2,6.3
GMZZE49WW4FL18JM9,138,7,4.7,11.8
VNNWH4UNDYFA81L0B,155,4,2.5,6.3
E2Z24FX5FFGT54M65,145,4,4.2,11.8
MYLDXT6VZ6HTALXG9,120,7,2.1,6.3
UCKEML6DPYXU53XP7,111,7,4.9,11.8
7GFDJ85CNY5PV2GSK,204,4,2.8,6.3
SNRXK1R7TR5HCZ5AK,123,6,2.5,6.3
KNFE98267P57ERZ96,125,4,3.4,8.1
V2B6D00X5Z5FT65ZA,137,7,4.3,11.8
9HUTD7NL56GDWAN8P,103,6,3.0,8.1
1SFD2FT0AW4D02SWZ,82,8,1.0,6.1
1BG1UE56P4ZPPBW49,110,5,1.4,6.1
04LS0DTU30T87VZK2,177,7,1.4,6.1
7NBW0BN9ZZ15C8Z1T,118,6,4.1,11.8
WLJMP8A58X9KGSMDG,171,7,4.8,11.8
YAAGU5GC4GNY7P9JA,214,8,2.6,6.3
5PX8S638WHPJ6P9RX,99,7,2.0,6.3
YEE01F0ARLSUAWD37,107,6,1.8,6.1
ADV4B1WZK8BWU9H9J,124,6,3.5,8.1
4B7VUD19G1UVE16AJ,94,8,3.7,8.1
E63EZM8TJHZD0R1HL,105,8,1.8,6.1
KXH8HUCYBJR107RH0,193,5,4.3,11.8
XUDF9UHFRX2V2YDKV,166,4,1.8,6.1
GLAAZ7BCE0DP8361Y,226,7,3.3,8.1
PNUBZTDTYHMWD382E,81,5,2.5,6.3
BKB05LJVCYMAAV6W1,112,4,4.6,11.8
EYUX8MNJ46AGNS1E6,202,6,3.0,8.1
S0JFYK13MY1KKYL6T,130,5,1.1,6.1
Z41AHMJARY5AEA4UD,203,7,2.4,6.3
J1JZDTLDRCP6LYR3B,206,6,2.4,6.3
CXFB6T0NMWX6A6E9B,159,7,4.7,11.8
PVSGZHJDTSP7G33YY,80,8,2.0,6.3
22BLXEDMEMLWPB12U,201,6,1.1,6.1
DG9C0ANAP1J3P8HPR,104,7,1.2,6.1
GE0USK3Z2TVZMBMF8,214,4,4.5,11.8
UC8319J3KE7D4PY8W,228,4,2.8,6.3
33L1F6VLSN48KYULF,233,5,3.4,8.1
891KNE0153XFKVVKV,218,8,2.4,6.3
RYK3TZ45ZYKYUC62H,193,7,1.9,6.1
71YFYP5WNJDPVA6XA,242,5,3.4,8.1
LCLRRKEMMDLLY3JAR,165,7,3.5,8.1
KRKR285ZAZL3PPY2V,155,7,4.9,11.8
3K00T3AJWUW34ZT15,221,6,3.0,8.1
AU12H2KKP6PD7WB64,229,4,3.2,8.1
T5HZ6J6H6A7MZNWRY,192,6,2.8,6.3
BK9YM0S71KXWLK3W7,244,4,4.0,11.8
7ZYFSDAU2W7VCYT5B,200,4,2.7,6.3
LXUNVGUVDFSF1LNFH,110,8,3.8,8.1
6Z01FTFH14PYYTAGR,108,5,2.9,6.3
PN3XAAM26R9U74PEF,225,5,3.7,8.1
21ERWEZ0D9LDDWEY9,89,7,1.1,6.1
WC7PDSW6S15M3445V,244,8,1.0,6.1
C4PCERG2K6VP7CXSW,238,4,3.5,8.1
KWCGN7TLPVLXHN9BC,215,6,1.4,6.1
CDATR5JTHYDJG13CF,156,7,2.6,6.3
59ELG5DNV852GTFZA,148,4,1.4,6.1
HMEMT9PAHEH1929KS,140,7,4.8,11.8
36V2HA7N15CENC4FA,212,8,4.6,11.8
YRD0UF8SHV8RL31YC,176,5,4.2,11.8
8C7NVDNBF59NVU7YP,148,7,2.1,6.3
C4TVR3U1DCZTS8M3P,170,4,4.4,11.8
6FUJJCGKX5H69PBT6,82,6,4.8,11.8
CU4N7ULL180GNVJ81,111,5,2.9,6.3
9A5LF715856D4WXR8,140,8,1.0,6.1
DV4AMYLXYT8BT9SYR,206,7,2.7,6.3
S9PECMLVJYPZ6C3AR,247,7,1.8,6.1
WS5025P35RJJ60ADS,228,5,4.7,11.8
V46UYYA81GASECPNS,92,5,2.5,6.3
8BJTVSSU4NG5RMWML,180,5,2.0,6.3
UJKY2TU209N2YP7X2,113,4,2.8,6.3
2UG7PYXU5ZJRN497F,218,8,1.7,6.1
0CL2BRW62UPJ7TFU6,174,7,1.2,6.1
0AGATR4086R25Y6RM,228,6,3.3,8.1
WWPCEWEW9N1M44559,105,8,4.7,11.8
V9ENMD602DPJ1H7P5,151,8,1.2,6.1
T1M6ZT45UYUY4UXCY,179,6,4.2,11.8
748AS3CLY4NTA5XG8,95,8,3.5,8.1
Y1HDJVG4NKCL514YU,217,6,4.8,11.8
LZPUV7DD63HEG0C7B,138,5,4.4,11.8
8ESEALUR595UGY2HU,81,6,4.5,11.8
LVC3T1A1N4HEMRXT1,178,7,3.7,8.1
8BHZ3NSB7NUY55C5V,127,6,1.3,6.1
YGTH3YAFVE8CTAVNN,97,4,1.2,6.1
VZF0GJWL1YLTF73BY,243,8,1.3,6.1
HZ8B8XLFHRPX84VW5,109,4,2.3,6.3
MLW2HP529BNRZ8PDM,163,5,3.5,8.1
3KHXN85U0GVALY8MF,205,6,1.4,6.1
15Y1EYYWJ4C4ZMZJX,170,8,1.4,6.1
H12N44GK7MKCCELWA,100,6,1.8,6.1
AFMBG5LFCK0Z0VBBL,113,7,4.9,11.8
9X0HMF46X38MC0JSB,176,5,1.3,6.1
X7SDV68AEUBCG8WUD,148,7,3.5,8.1
YHSPPM5RPGEPBKX8S,153,4,4.3,11.8
S9NN15ZXWD3576YP1,241,8,3.7,8.1
98GJTDC1JMY48HW4V,110,5,4.6,11.8
AT5U1HELC9CGDDKLN,149,8,1.0,6.1
S3VC4W9WA8U8ZX56S,244,8,3.7,8.1
7C3V9VYCW1JRV6DUK,94,5,1.7,6.1
RV5GHRJRR9TEAXCSV,124,6,4.2,11.8
HEA5EGEG2CH1AYRT3,167,7,3.9,8.1
NM6M639L8WGLBNZ57,250,5,1.1,6.1
NAUL32NJMD4D7WL2F,99,5,2.6,6.3
4PR26P6YRUL2GX2UY,138,7,3.5,8.1
SX561X198RRWRWJV0,109,5,1.8,6.1
3VZ7WKS4AKZLXK1JJ,167,5,1.9,6.1
MG56WG2DU1EXBZFTW,200,5,2.4,6.3
CZ03L5DXWJFVVVCLH,185,7,1.9,6.1
XVWPUDVFP3UK0SLL2,218,8,3.1,8.1
LCJ7K82XJM5MMFH36,220,4,4.4,11.8
HAY3K5006CVPASKL0,179,7,3.8,8.1
HN2NW9GKBHP8SKK4D,123,4,4.5,11.8
C2G9T7NY9HP8UTFE8,212,8,1.7,6.1
J2YZCNZ2FSJP3EXEB,99,4,3.8,8.1
HRDXTJPFW7TPNPV9N,198,4,3.9,8.1
KY7Z3NLNYR15X6J6D,159,4,3.0,8.1
281CJUPZHVXEP6B6B,127,8,3.2,8.1
6ACMFDP7RG7P7DL05,143,8,2.0,6.3
U9NDV5FELEZKUHA5C,245,7,3.1,8.1
46TM680XGUFDYSYLE,150,4,1.5,6.1
GWCTWJY9JLJ52UU9Z,222,8,4.6,11.8
R0BJXHJN21PBERH35,102,7,2.6,6.3
XGZFB98HYW0YN9F3H,161,7,4.5,11.8
SP25V1YD82P11U1U4,196,8,1.5,6.1
WSJH5WS7R984RZ9LD,146,6,1.8,6.1
6CLPTU4XSWCSBRZ47,169,5,3.2,8.1
6067UFEG29RDAAJ03,200,8,4.9,11.8
J72ZJW6XMFDH40P84,99,7,3.5,8.1
HFTZG0P9747JG9TEA,224,7,2.4,6.3
3SXTNRPJAZM79GH8R,129,6,1.4,6.1
EXK8L82A57SHHRZ6V,162,6,2.7,6.3
LM96HD0S1Y113ZY5G,224,6,3.7,8.1
H0GLEG34ASE060ESN,89,6,4.2,11.8
HAGBHS3V8CVPRB43R,108,7,4.6,11.8
CXWK4DPRHZJ9BJX9N,101,6,4.1,11.8
WX8FTL01DD7W02X9V,135,8,2.6,6.3
DSY2MK1RBDW839W8N,80,5,2.5,6.3
X7GAPWNDJXLRKKYYE,245,5,3.7,8.1
KLUU573Z4YX577B5U,188,7,3.9,8.1
3BFBF5KNLLAVHWG6Z,86,4,3.2,8.1
6BDWXGLSPBB1SHTMH,90,5,3.0,8.1
15TLBWUGCM9WC75GW,112,4,3.1,8.1
FLVC95HTKAGK6SRBF,247,6,1.4,6.1
A7X36L2W65P6LRPCJ,165,5,4.5,11.8
FLYG1DKTJFTUHS7E6,93,4,3.5,8.1
LCPSFFTSA96DFVPWC,130,8,4.1,11.8
LAM12H0VUDTPK3S8E,175,8,2.1,6.3
1V3B45T38G3KCGV1D,197,4,3.8,8.1
79YTNPY12L19Y5N5Y,228,6,4.9,11.8
89CZWY0MWXDNGB2K6,174,5,2.3,6.3
1K8W5HXKJ7EFEJ7Z7,131,7,1.3,6.1
3PXZ7HCD9SDXJF0KJ,113,7,4.4,11.8
FF4B0H4XBV87G7U8L,95,8,3.6,8.1
X2JCSEJW1BPBXGVUM,142,4,2.5,6.3
AXVEUAYCUM5U1ZPVC,120,7,4.8,11.8
96W5W7NUB7KSC55EK,223,7,1.7,6.1
0D19J0WMHM9P5YZCK,199,5,2.0,6.3
DUVU8D1FP7T4219TA,83,5,1.0,6.1
CBMW7VCWASVVL555Y,192,5,3.8,8.1
K2YEU0XALEMJNWZ56,179,5,1.3,6.1
NL06KY7UD0LE6WBNX,135,6,4.6,11.8
1NL2ESW6JVN49G2FG,162,5,3.1,8.1
HLTVTCYTWE31BNLWC,153,6,2.9,6.3
FRH7UYWFBBHDGHHH4,180,5,2.2,6.3
7KDS41ZJA3KH8CFDV,233,8,2.5,6.3
GFNZ01MXUVS05C2B1,233,5,3.5,8.1
GB2LCVXGE6TLRR113,189,6,4.6,11.8
NHTL4B4NJX53YCHRS,220,6,4.8,11.8
9Y3EN4597NYFFYEKF,90,6,4.3,11.8
2LZ6L2DEXXYDXLFSR,91,6,2.9,6.3
U279J120EA8HA8W8A,114,7,2.6,6.3
6ABE0ZHFJWUMHTGCB,203,6,2.2,6.3
CSHXEVDE3YBABR5DW,214,6,2.8,6.3
L8CK4MRTP7UT21RP9,81,6,2.2,6.3
0M0TUBAPVM2YPKEBD,99,6,1.3,6.1
FF6LEHJ36KAZBY03V,199,7,1.8,6.1
A17AB89ZFBUV7725M,161,5,2.1,6.3
7PH4GU6CJCVA9FA5H,247,4,2.7,6.3
2YW48WGLXLRWYP6VW,233,8,1.7,6.1
KDCCMB0TCRW4S1R42,214,8,2.2,6.3
CHRY9BKRPDVCYS55F,221,4,2.5,6.3
X3AS5DDBS1KMZ1C66,242,5,3.4,8.1
L4YN7TFJV67UPBGN5,148,4,2.1,6.3
K2T7FFZMBLN9DD02Y,86,7,1.6,6.1
UWHF8PEHZMENY1NFF,183,5,3.9,8.1
JNTMK28Y6MJ4738R0,231,4,1.5,6.1
W7C19VES63KJWCC54,151,6,2.5,6.3
7SAH615Y0G7PS4423,184,4,4.5,11.8
ATX91ZPA0ZFNY1XU4,164,7,3.7,8.1
YECMGM3N5FZJZ3N04,118,5,2.8,6.3
Z7ECZG0UFD58XB2DS,122,8,4.0,11.8
UW7B1A8N6PVS9EALH,146,6,4.0,11.8
FRJSNN53FTRS9VWC0,141,6,1.4,6.1
BKJ4YTVVHSVW1JMYJ,244,8,3.0,8.1
0H3RKJVG4CB17BCNS,91,4,3.1,8.1
EBU007LRW8KK72D3P,247,7,3.3,8.1
1B7XNH49GH4JVTY5P,202,8,1.4,6.1
AL0JWG3KH1MG3E9P6,105,5,4.3,11.8
4AVCKU81GFDDNBEST,241,5,2.3,6.3
C28WHVS3JRBU0UTTT,183,6,3.9,8.1
WH1CHCB57RU7UH87W,117,8,4.6,11.8
RLHR1V86402XBP2GK,163,5,4.7,11.8
FA7KYS6DW2ZFND4P7,170,6,3.0,8.1
4PR4V9R7K99P12LPN,229,8,4.3,11.8
CRH9PAEGBAJ2ZX66A,216,7,2.1,6.3
ADD6SBZB12K34S40F,160,8,4.8,11.8
NJZCR5F1ZT0ZYBZZA,101,6,4.0,11.8
2ND24PDPX6ZY09STU,195,5,2.8,6.3
9R78T9DBR8DG6M1WB,158,8,3.4,8.1
2GPAGXMPNPP3TVY5Z,210,7,3.9,8.1
0N8L4ZHG1RFHZNBU0,102,4,4.8,11.8
1030H2N6EREE6HU0C,176,8,1.2,6.1
KGP0URMYYGL7920D1,120,8,2.2,6.3
M13H56Z5YRWPPYENU,158,6,2.5,6.3
NNAVBYVSLAZ9PF2PK,173,4,2.8,6.3
GWU7ULWCXFKY7K3E5,228,6,3.7,8.1
P4M6RLP5W3YA9WLRG,89,7,2.2,6.3
Z0S8D8MFN4UVZCT34,179,8,1.3,6.1
2V1S8JYZLZ3LH2BBK,120,6,1.8,6.1
ZLLN043YPW8DEBHNU,135,5,3.9,8.1
W6V2V3WS87MYCXJ2T,133,4,1.0,6.1
Z57JK039P235KUR8F,248,7,2.4,6.3
F2ZMNCF1L5HH9VX0X,184,7,4.8,11.8
LRW3799PMM3VN2SBJ,144,4,3.1,8.1
CWULA0UMSN1WHRRZX,219,4,1.5,6.1
7PJC3T3FCY2Z44FC5,148,8,3.6,8.1
ZT9YP8FJJGH3CB246,233,6,4.2,11.8
U6MKTU7BS4RZT80UD,97,6,3.9,8.1
86CXPTS9NWSPTBDRU,224,4,3.0,8.1
XXRC9RKCKFNT53UTV,171,5,4.8,11.8
KLWAKMYJP6N82496V,201,6,4.6,11.8
EB3LP41SARJEMJHMF,82,5,4.0,11.8
DCNTJ1XK2G28APHAJ,151,8,1.6,6.1
D1JTSYF0BL63UC5SF,176,6,4.9,11.8
F6G94A8H8KXKYLFCJ,181,6,1.0,6.1
VMF1TH51RBTF3HVNN,235,7,3.6,8.1
0LT76M59MNNWT8P9R,230,8,4.6,11.8
K5VNNA1U758HS4WET,100,7,4.8,11.8
7NJFT2EAEC65JN3AC,249,8,4.3,11.8
3FFW34AEH3G4VJW1N,224,5,2.3,6.3
7T8UP8GMSHN6YCFTV,117,6,1.3,6.1
CY17UK0G75KX408UY,134,5,2.1,6.3
T0TJHL5JG5SZA4DB0,205,8,4.5,11.8
PR8WBXRDTHMMZ02R5,197,5,2.9,6.3
E537744KEEH4730K9,135,7,1.1,6.1
WEZH7KGRLU0ZJA2UM,233,6,4.4,11.8
AZ60UX8PMXPJ65G04,215,4,3.6,8.1
H01KGNATA9WEUAW9P,161,5,4.0,11.8
NG7K1B9X1V9K3CX1N,114,5,1.3,6.1
TEFKZ6RLETB9D82WH,199,7,4.6,11.8
HCFU5XFUNK2SHZXF5,129,4,2.7,6.3
4PCJHFXJDE1V9U617,233,6,1.2,6.1
7UKM9GB4EXSMB02CF,160,7,3.3,8.1
ZKJH39KNCVHCXHZD5,240,6,3.8,8.1
84H4BYKWDMAZA1Y3R,189,4,3.3,8.1
3YJRKZEMU9A61P8E8,203,8,1.0,6.1
MUHBHS574DE4SSDDY,120,5,2.0,6.3
7P5ZK6HAWFYKXFWDP,245,6,2.6,6.3
FTFD24VGJ9UWAXFWE,81,5,2.3,6.3
DP378AZDYNX7TS83Z,155,4,3.8,8.1
1HS5LCTN8VHM50MTD,151,8,2.3,6.3
FS0ZMT8UXWGH74WB4,214,7,2.6,6.3
3KG46MKJ5HRZ2LMM4,184,8,1.1,6.1
12868FPK6C0PHTLJB,108,5,1.0,6.1
YHW1ZK1RMKC0A5EG8,84,4,4.8,11.8
GS7E3PHV9TRA2R4DP,201,4,4.0,11.8
6U1B6PKTFDFZ1HJC8,88,6,2.5,6.3
7S70F2MKFJ2YM4EPS,189,6,4.1,11.8
CJ1EBZLW3NFXWJB1X,99,5,2.1,6.3
P04CA78NJRRNCK870,208,5,2.2,6.3
ZPDMSYZL2TXETFKNT,90,8,4.9,11.8
LGNA8ZXADJ9FAVVJY,200,7,2.4,6.3
AZ3SME08PL2SM8EZW,136,6,4.9,11.8
KSXP22BWS1ZTVKXNY,209,8,1.2,6.1
8BG8MB81LP8MCA33M,179,8,1.6,6.1
E0YFAL3ZL6BAG3JJB,152,6,2.4,6.3
GUNF4AJ7BEYPUC734,136,5,2.0,6.3
57AFCGNCVUP4XBFA8,181,8,4.7,11.8
G0NXTG2BX53R9A1NP,232,4,4.2,11.8
X6V3LBCD4E0S0URZR,218,7,4.4,11.8
B0L0X3AXGG749NWXT,248,6,1.4,6.1
EZCJRFF7E6PSN1MY9,237,4,4.1,11.8
J08ZLRJ8HA709EAG3,125,4,4.0,11.8
TEA9M7BWMEY5UX38B,98,8,1.1,6.1
L8SZL35T7RGW8MSFM,250,6,2.5,6.3
DKS00J7XLKJYUFNPT,162,7,4.2,11.8
AH8VRPXMMEX6U199P,120,4,4.9,11.8
D4B6F27GEHKJKW22Z,88,4,3.9,8.1
B8TFEFVE84T4JFZ2F,163,6,2.1,6.3
1MHRK26YKVKEP507Z,181,8,3.0,8.1
67J8GRLCZMTS6SZVN,179,4,2.8,6.3
SV42C3P1BFWA4R04W,250,5,1.9,6.1
2A53G1RMXKWZUFT00,230,8,4.6,11.8
B7J82A2RPFM5X4VC0,107,6,3.4,8.1
U1GYX12CN4SLES30F,102,7,1.7,6.1
BLG608SUX24U6AHFP,158,5,2.5,6.3
7W4M5JA9M4F241MRS,121,4,4.1,11.8
3S579A7A7T12DLUM9,133,6,3.8,8.1
WLAJ4EF5A4SZ61DE1,243,6,4.7,11.8
06FXFM95Y8PMZREPX,104,5,4.7,11.8
Z69EV7WDA7CB7CD93,146,6,2.5,6.3
VTDSPCH4RRKGS9VKZ,106,7,2.1,6.3
TDSV1BVHDT83AJ1LM,250,4,3.3,8.1
MRB55W1BYZZRXMDXC,167,4,1.2,6.1
3PLR090LP5C1GNMFL,190,7,1.4,6.1
4E7ZGWRLXJKW1XCWT,188,5,3.1,8.1
Y5YYD36HVHSHD91FL,161,8,4.0,11.8
GKSAGBUWUY513A44W,184,5,2.3,6.3
JS75ENJ32J0BSRH1F,187,4,1.9,6.1
KBTV05RCL7G39MEJ9,234,8,3.4,8.1
754DLMWJZXMCJ9B99,150,8,1.8,6.1
MH9ATE4BY7K8VL8S1,181,5,2.9,6.3
USZPAZWG2BBHMV6ZZ,96,4,1.9,6.1
3MMRN1ETZ6F610Y6P,87,8,4.7,11.8
0CC5W7FH5DRCGUY2J,180,6,1.3,6.1
56LRLNR2PNLHBCHYD,158,5,1.9,6.1
ST7E3VMFUKMA3TMF0,200,8,3.0,8.1
25NW9A9EBHUAMSV7T,111,6,1.0,6.1
A75UT13N571P9R5K7,216,7,4.6,11.8
AWM5TY81ATLS8YK78,192,4,4.7,11.8
3E4M40FTJXXCDRPVC,121,4,4.4,11.8
V0102SVV8SBZELPH4,124,7,4.8,11.8
VBHD08AMCC8CB69ZV,109,5,3.9,8.1
6X1EM45SMEA0FW33S,225,8,3.0,8.1
S5LV8JDJ79MRK4MPY,94,4,4.3,11.8
NRF4DL1TEYY0TX4PA,80,7,2.0,6.3
UN9UCNBHPGS863LCE,135,6,1.7,6.1
ZK4BFCGYWVW7U2L9V,105,8,3.8,8.1
M8NBBXH6Z5ZECYU1U,177,5,3.9,8.1
RLA8SP9P84WP2A64T,169,6,4.1,11.8
M4X38LUSAS8Y8DJHU,232,4,3.3,8.1
JW1DBGR2LPRNSHR37,180,4,2.7,6.3
JSTUJYBAR3L3B7AZC,130,6,4.7,11.8
1NNUYNTY1NFWMWS1W,199,4,1.4,6.1
71X9FV6FRG2KLVSCH,229,5,4.0,11.8
M3064AB0N9YFLX09J,131,6,3.1,8.1
SFY313WEDK7P915CX,108,8,4.9,11.8
PW8BYN6FGYKJ3YZ92,84,6,2.8,6.3
5XVLAZRZNG2NNJN1W,91,8,3.9,8.1
3GUFJ2JFTLP30HYDB,247,5,1.2,6.1
9TKLCAAELKYE11EXZ,98,7,1.2,6.1
VFX9EL0VLGP8LGHX8,140,7,3.6,8.1
3PC9CTUH7RVXWKD73,130,6,1.6,6.1
M91HNB4BJ7WH82WGR,149,5,1.9,6.1
NVUZ994N7WR6KJKNS,156,6,2.1,6.3
4E7FCG9U95C5KKXPL,233,6,4.9,11.8
XSBZS8J7XLYPHA2N1,129,5,3.7,8.1
6RUCS137TZDPGD5WL,176,6,2.7,6.3
PXMGPBF12YBVLSA52,153,5,2.5,6.3
8S77398MUKXEKHLBX,204,8,4.1,11.8
NHJE2GPJDBUH2T4MF,224,5,3.2,8.1
0FB8VRRHG3LYSL6H3,231,6,3.7,8.1
MJ12VX8SK7RNT73XS,240,8,3.9,8.1
URDUJ1KPY47BBML1W,138,7,2.2,6.3
TZU2WCFX39DL5B2C2,230,5,1.7,6.1
